 INFO  Accepting connections at http://localhost:8083
 HTTP  4/5/2026 6:01:07 PM ::1 GET /
 HTTP  4/5/2026 6:01:07 PM ::1 Returned 200 in 25 ms
 HTTP  4/5/2026 6:01:07 PM ::1 GET /css/index.css?v=20260321-13
 HTTP  4/5/2026 6:01:07 PM ::1 GET /css/layout.css?v=20260321-13
 HTTP  4/5/2026 6:01:07 PM ::1 GET /css/chat.css?v=20260322-1
 HTTP  4/5/2026 6:01:07 PM ::1 GET /css/desk.css?v=20260323-1
 HTTP  4/5/2026 6:01:07 PM ::1 GET /css/components.css?v=20260321-13
 HTTP  4/5/2026 6:01:07 PM ::1 GET /js/supabase-config.js?v=neo-99-RECOVERY14
 HTTP  4/5/2026 6:01:07 PM ::1 Returned 200 in 7 ms
 HTTP  4/5/2026 6:01:07 PM ::1 Returned 200 in 6 ms
 HTTP  4/5/2026 6:01:07 PM ::1 Returned 200 in 4 ms
 HTTP  4/5/2026 6:01:07 PM ::1 Returned 200 in 5 ms
 HTTP  4/5/2026 6:01:07 PM ::1 Returned 200 in 4 ms
 HTTP  4/5/2026 6:01:07 PM ::1 Returned 200 in 4 ms
 HTTP  4/5/2026 6:01:07 PM ::1 GET /js/fastclick.min.js?v=FINAL_FORCE_RECOVERY_30
 HTTP  4/5/2026 6:01:07 PM ::1 GET /lib/utils.js?v=NEO_SAFE_PHASE28
 HTTP  4/5/2026 6:01:07 PM ::1 GET /lib/cloud/googleDrive.js?v=NEO_SAFE_PHASE28
 HTTP  4/5/2026 6:01:07 PM ::1 GET /js/store.js?v=NEO_SAFE_PHASE28
 HTTP  4/5/2026 6:01:07 PM ::1 GET /js/gemini.js?v=NEO_SAFE_PHASE28
 HTTP  4/5/2026 6:01:07 PM ::1 GET /js/neo-brain.js?v=NEO_SAFE_PHASE28
 HTTP  4/5/2026 6:01:07 PM ::1 Returned 200 in 9 ms
 HTTP  4/5/2026 6:01:07 PM ::1 Returned 200 in 6 ms
 HTTP  4/5/2026 6:01:07 PM ::1 Returned 200 in 7 ms
 HTTP  4/5/2026 6:01:07 PM ::1 Returned 200 in 5 ms
 HTTP  4/5/2026 6:01:07 PM ::1 Returned 200 in 6 ms
 HTTP  4/5/2026 6:01:07 PM ::1 Returned 200 in 4 ms
 HTTP  4/5/2026 6:01:07 PM ::1 GET /js/doc-engine.js?v=NEO_SAFE_PHASE28
 HTTP  4/5/2026 6:01:07 PM ::1 GET /js/i18n.js?v=NEO_SAFE_PHASE28
 HTTP  4/5/2026 6:01:07 PM ::1 GET /js/app.js?v=NEO_SAFE_PHASE28
 HTTP  4/5/2026 6:01:07 PM ::1 GET /pages/chat.js?v=NEO_SAFE_PHASE28
 HTTP  4/5/2026 6:01:07 PM ::1 Returned 200 in 5 ms
 HTTP  4/5/2026 6:01:07 PM ::1 Returned 200 in 6 ms
 HTTP  4/5/2026 6:01:07 PM ::1 Returned 200 in 2 ms
 HTTP  4/5/2026 6:01:07 PM ::1 Returned 200 in 4 ms
 HTTP  4/5/2026 6:01:07 PM ::1 GET /js/StaticLexicon.js?v=2.6.5
 HTTP  4/5/2026 6:01:07 PM ::1 Returned 200 in 1 ms
 HTTP  4/5/2026 6:01:07 PM ::1 GET /js/industries.js?v=2.6.5
 HTTP  4/5/2026 6:01:07 PM ::1 Returned 200 in 1 ms
 HTTP  4/5/2026 6:01:07 PM ::1 GET /js/GoldenKnowledge.js
 HTTP  4/5/2026 6:01:07 PM ::1 Returned 200 in 1 ms
 HTTP  4/5/2026 6:01:07 PM ::1 GET /pages/parseInputToData.js?v=20260321-1
 HTTP  4/5/2026 6:01:07 PM ::1 Returned 200 in 9 ms
 HTTP  4/5/2026 6:01:07 PM ::1 GET /lib/components.js
 HTTP  4/5/2026 6:01:07 PM ::1 GET /lib/cloud/googleDrive.js
 HTTP  4/5/2026 6:01:07 PM ::1 GET /pages/home.js?v=20260321-12
 HTTP  4/5/2026 6:01:07 PM ::1 GET /pages/setup.js
 HTTP  4/5/2026 6:01:07 PM ::1 GET /pages/document-manager.js
 HTTP  4/5/2026 6:01:07 PM ::1 GET /js/userProfile.js?v=20260321-13
 HTTP  4/5/2026 6:01:07 PM ::1 Returned 200 in 2 ms
 HTTP  4/5/2026 6:01:07 PM ::1 Returned 200 in 3 ms
 HTTP  4/5/2026 6:01:07 PM ::1 Returned 200 in 2 ms
 HTTP  4/5/2026 6:01:07 PM ::1 Returned 200 in 2 ms
 HTTP  4/5/2026 6:01:07 PM ::1 Returned 200 in 2 ms
 HTTP  4/5/2026 6:01:07 PM ::1 Returned 200 in 3 ms
 HTTP  4/5/2026 6:01:07 PM ::1 GET /lib/core/neoKnowledgeReset.js
 HTTP  4/5/2026 6:01:07 PM ::1 GET /lib/supabase-knowledge-client.js
 HTTP  4/5/2026 6:01:07 PM ::1 GET /lib/supabase-client.js
 HTTP  4/5/2026 6:01:07 PM ::1 GET /lib/core/intentRouter.js
 HTTP  4/5/2026 6:01:07 PM ::1 GET /lib/export/pdfGenerator.js
 HTTP  4/5/2026 6:01:07 PM ::1 GET /lib/api/geminiClient.js
 HTTP  4/5/2026 6:01:07 PM ::1 Returned 200 in 4 ms
 HTTP  4/5/2026 6:01:07 PM ::1 Returned 200 in 2 ms
 HTTP  4/5/2026 6:01:07 PM ::1 Returned 200 in 2 ms
 HTTP  4/5/2026 6:01:07 PM ::1 Returned 200 in 2 ms
 HTTP  4/5/2026 6:01:07 PM ::1 Returned 200 in 2 ms
 HTTP  4/5/2026 6:01:07 PM ::1 Returned 200 in 2 ms
 HTTP  4/5/2026 6:01:07 PM ::1 GET /locales/ja.json
 HTTP  4/5/2026 6:01:07 PM ::1 Returned 200 in 2 ms
 HTTP  4/5/2026 6:01:07 PM ::1 GET /favicon.ico
 HTTP  4/5/2026 6:01:07 PM ::1 Returned 200 in 2 ms
 HTTP  4/5/2026 6:01:11 PM ::1 GET /views/home.html?v=1775379671628
 HTTP  4/5/2026 6:01:11 PM ::1 Returned 200 in 2 ms
 HTTP  4/5/2026 6:01:11 PM ::1 GET /pages/home.js
 HTTP  4/5/2026 6:01:11 PM ::1 GET /img/neo_avatar.jpg
 HTTP  4/5/2026 6:01:11 PM ::1 Returned 200 in 1 ms
 HTTP  4/5/2026 6:01:11 PM ::1 Returned 200 in 4 ms
 HTTP  4/5/2026 6:01:16 PM ::1 GET /views/project.html?v=1775379676826
 HTTP  4/5/2026 6:01:16 PM ::1 Returned 200 in 3 ms
 HTTP  4/5/2026 6:01:16 PM ::1 GET /pages/project.js
 HTTP  4/5/2026 6:01:16 PM ::1 Returned 200 in 1 ms
 HTTP  4/5/2026 6:01:18 PM ::1 GET /views/desk.html?v=1775379678309
 HTTP  4/5/2026 6:01:18 PM ::1 Returned 200 in 2 ms
 HTTP  4/5/2026 6:01:18 PM ::1 GET /pages/desk.js
 HTTP  4/5/2026 6:01:18 PM ::1 Returned 200 in 1 ms
 HTTP  4/5/2026 6:01:19 PM ::1 GET /views/wallet.html?v=1775379679426
 HTTP  4/5/2026 6:01:19 PM ::1 Returned 200 in 4 ms
 HTTP  4/5/2026 6:01:19 PM ::1 GET /pages/wallet-render.js
 HTTP  4/5/2026 6:01:19 PM ::1 Returned 200 in 2 ms
 HTTP  4/5/2026 6:01:20 PM ::1 GET /views/account.html?v=1775379680276
 HTTP  4/5/2026 6:01:20 PM ::1 Returned 200 in 3 ms
 HTTP  4/5/2026 6:01:20 PM ::1 GET /pages/account-settings.js
 HTTP  4/5/2026 6:01:20 PM ::1 Returned 200 in 2 ms
 HTTP  4/5/2026 6:01:21 PM ::1 GET /views/home.html?v=1775379681191
 HTTP  4/5/2026 6:01:21 PM ::1 Returned 200 in 1 ms
 HTTP  4/5/2026 6:01:21 PM ::1 GET /views/project.html?v=1775379681759
 HTTP  4/5/2026 6:01:21 PM ::1 Returned 200 in 1 ms
 HTTP  4/5/2026 6:01:22 PM ::1 GET /views/home.html?v=1775379682304
 HTTP  4/5/2026 6:01:22 PM ::1 Returned 200 in 1 ms
 HTTP  4/5/2026 6:01:23 PM ::1 GET /views/chat.html?v=1775379683804
 HTTP  4/5/2026 6:01:23 PM ::1 Returned 200 in 2 ms
 HTTP  4/5/2026 6:01:23 PM ::1 GET /pages/chat.js
 HTTP  4/5/2026 6:01:23 PM ::1 Returned 200 in 1 ms
 HTTP  4/5/2026 6:01:25 PM ::1 GET /views/home.html?v=1775379685910
 HTTP  4/5/2026 6:01:25 PM ::1 Returned 200 in 0 ms
 HTTP  4/5/2026 6:01:27 PM ::1 GET /views/chat.html?v=1775379687543
 HTTP  4/5/2026 6:01:27 PM ::1 Returned 200 in 1 ms
 HTTP  4/5/2026 6:01:28 PM ::1 GET /views/home.html?v=1775379688859
 HTTP  4/5/2026 6:01:28 PM ::1 Returned 200 in 1 ms
 HTTP  4/5/2026 6:01:29 PM ::1 GET /views/project.html?v=1775379689476
 HTTP  4/5/2026 6:01:29 PM ::1 Returned 200 in 1 ms
 HTTP  4/5/2026 6:01:30 PM ::1 GET /views/wallet.html?v=1775379690760
 HTTP  4/5/2026 6:01:30 PM ::1 Returned 200 in 1 ms
 HTTP  4/5/2026 6:01:32 PM ::1 GET /views/home.html?v=1775379692543
 HTTP  4/5/2026 6:01:32 PM ::1 Returned 200 in 1 ms
 HTTP  4/5/2026 6:05:23 PM ::1 GET /
 HTTP  4/5/2026 6:05:23 PM ::1 Returned 200 in 4 ms
 HTTP  4/5/2026 6:05:23 PM ::1 GET /css/index.css?v=20260321-13
 HTTP  4/5/2026 6:05:23 PM ::1 GET /css/layout.css?v=20260321-13
 HTTP  4/5/2026 6:05:23 PM ::1 Returned 200 in 17 ms
 HTTP  4/5/2026 6:05:23 PM ::1 Returned 200 in 16 ms
 HTTP  4/5/2026 6:05:23 PM ::1 GET /css/chat.css?v=20260322-1
 HTTP  4/5/2026 6:05:23 PM ::1 GET /css/desk.css?v=20260323-1
 HTTP  4/5/2026 6:05:23 PM ::1 Returned 200 in 8 ms
 HTTP  4/5/2026 6:05:23 PM ::1 GET /css/components.css?v=20260321-13
 HTTP  4/5/2026 6:05:23 PM ::1 Returned 200 in 9 ms
 HTTP  4/5/2026 6:05:23 PM ::1 GET /js/supabase-config.js?v=neo-99-RECOVERY14
 HTTP  4/5/2026 6:05:23 PM ::1 Returned 200 in 7 ms
 HTTP  4/5/2026 6:05:23 PM ::1 Returned 200 in 9 ms
 HTTP  4/5/2026 6:05:23 PM ::1 GET /js/fastclick.min.js?v=FINAL_FORCE_RECOVERY_30
 HTTP  4/5/2026 6:05:23 PM ::1 Returned 200 in 2 ms
 HTTP  4/5/2026 6:05:23 PM ::1 GET /lib/utils.js?v=NEO_SAFE_PHASE28
 HTTP  4/5/2026 6:05:23 PM ::1 GET /lib/cloud/googleDrive.js?v=NEO_SAFE_PHASE28
 HTTP  4/5/2026 6:05:23 PM ::1 GET /js/store.js?v=NEO_SAFE_PHASE28
 HTTP  4/5/2026 6:05:23 PM ::1 Returned 200 in 8 ms
 HTTP  4/5/2026 6:05:23 PM ::1 Returned 200 in 7 ms
 HTTP  4/5/2026 6:05:23 PM ::1 Returned 200 in 11 ms
 HTTP  4/5/2026 6:05:23 PM ::1 GET /js/gemini.js?v=NEO_SAFE_PHASE28
 HTTP  4/5/2026 6:05:23 PM ::1 GET /js/neo-brain.js?v=NEO_SAFE_PHASE28
 HTTP  4/5/2026 6:05:23 PM ::1 Returned 200 in 3 ms
 HTTP  4/5/2026 6:05:23 PM ::1 Returned 200 in 7 ms
 HTTP  4/5/2026 6:05:23 PM ::1 GET /js/doc-engine.js?v=NEO_SAFE_PHASE28
 HTTP  4/5/2026 6:05:23 PM ::1 Returned 200 in 1 ms
 HTTP  4/5/2026 6:05:23 PM ::1 GET /js/i18n.js?v=NEO_SAFE_PHASE28
 HTTP  4/5/2026 6:05:23 PM ::1 GET /js/app.js?v=NEO_SAFE_PHASE28
 HTTP  4/5/2026 6:05:23 PM ::1 Returned 200 in 6 ms
 HTTP  4/5/2026 6:05:23 PM ::1 GET /pages/chat.js?v=NEO_SAFE_PHASE28
 HTTP  4/5/2026 6:05:23 PM ::1 Returned 200 in 8 ms
 HTTP  4/5/2026 6:05:23 PM ::1 Returned 200 in 28 ms
 HTTP  4/5/2026 6:05:23 PM ::1 GET /js/StaticLexicon.js?v=2.6.5
 HTTP  4/5/2026 6:05:23 PM ::1 Returned 200 in 1 ms
 HTTP  4/5/2026 6:05:23 PM ::1 GET /js/industries.js?v=2.6.5
 HTTP  4/5/2026 6:05:23 PM ::1 Returned 200 in 2 ms
 HTTP  4/5/2026 6:05:23 PM ::1 GET /js/GoldenKnowledge.js
 HTTP  4/5/2026 6:05:23 PM ::1 Returned 200 in 7 ms
 HTTP  4/5/2026 6:05:23 PM ::1 GET /pages/parseInputToData.js?v=20260321-1
 HTTP  4/5/2026 6:05:23 PM ::1 Returned 200 in 6 ms
 HTTP  4/5/2026 6:05:23 PM ::1 GET /lib/components.js
 HTTP  4/5/2026 6:05:23 PM ::1 GET /lib/cloud/googleDrive.js
 HTTP  4/5/2026 6:05:23 PM ::1 GET /pages/home.js?v=20260321-12
 HTTP  4/5/2026 6:05:23 PM ::1 GET /pages/setup.js
 HTTP  4/5/2026 6:05:23 PM ::1 GET /pages/document-manager.js
 HTTP  4/5/2026 6:05:23 PM ::1 GET /js/userProfile.js?v=20260321-13
 HTTP  4/5/2026 6:05:23 PM ::1 Returned 200 in 3 ms
 HTTP  4/5/2026 6:05:23 PM ::1 Returned 200 in 2 ms
 HTTP  4/5/2026 6:05:23 PM ::1 Returned 200 in 2 ms
 HTTP  4/5/2026 6:05:23 PM ::1 Returned 200 in 2 ms
 HTTP  4/5/2026 6:05:23 PM ::1 Returned 200 in 2 ms
 HTTP  4/5/2026 6:05:23 PM ::1 Returned 200 in 8 ms
 HTTP  4/5/2026 6:05:23 PM ::1 GET /lib/core/neoKnowledgeReset.js
 HTTP  4/5/2026 6:05:23 PM ::1 GET /lib/supabase-knowledge-client.js
 HTTP  4/5/2026 6:05:23 PM ::1 GET /lib/supabase-client.js
 HTTP  4/5/2026 6:05:23 PM ::1 GET /lib/core/intentRouter.js
 HTTP  4/5/2026 6:05:23 PM ::1 Returned 200 in 6 ms
 HTTP  4/5/2026 6:05:23 PM ::1 Returned 200 in 4 ms
 HTTP  4/5/2026 6:05:23 PM ::1 Returned 200 in 2 ms
 HTTP  4/5/2026 6:05:23 PM ::1 GET /lib/export/pdfGenerator.js
 HTTP  4/5/2026 6:05:23 PM ::1 GET /lib/api/geminiClient.js
 HTTP  4/5/2026 6:05:23 PM ::1 Returned 200 in 0 ms
 HTTP  4/5/2026 6:05:23 PM ::1 Returned 200 in 1 ms
 HTTP  4/5/2026 6:05:23 PM ::1 Returned 200 in 6 ms
 HTTP  4/5/2026 6:05:24 PM ::1 GET /locales/ja.json
 HTTP  4/5/2026 6:05:24 PM ::1 Returned 200 in 6 ms
 HTTP  4/5/2026 6:05:24 PM ::1 GET /favicon.ico
 HTTP  4/5/2026 6:05:24 PM ::1 Returned 200 in 2 ms
 HTTP  4/5/2026 6:06:24 PM ::1 GET /favicon.ico
 HTTP  4/5/2026 6:06:24 PM ::1 Returned 304 in 15 ms
 HTTP  4/5/2026 6:06:33 PM ::1 GET /favicon.ico
 HTTP  4/5/2026 6:06:33 PM ::1 Returned 304 in 7 ms
 HTTP  4/5/2026 6:06:48 PM ::1 GET /js/supabase-config.js
 HTTP  4/5/2026 6:06:48 PM ::1 Returned 200 in 42 ms
 HTTP  4/5/2026 6:06:48 PM ::1 GET /favicon.ico
 HTTP  4/5/2026 6:06:48 PM ::1 Returned 304 in 28 ms
 HTTP  4/5/2026 6:06:54 PM ::1 GET /js/app.js
 HTTP  4/5/2026 6:06:54 PM ::1 Returned 200 in 72 ms
 HTTP  4/5/2026 6:06:55 PM ::1 GET /favicon.ico
 HTTP  4/5/2026 6:06:55 PM ::1 Returned 304 in 15 ms
 HTTP  4/5/2026 6:07:03 PM ::1 GET /pages/setup.js
 HTTP  4/5/2026 6:07:03 PM ::1 Returned 304 in 15 ms
 HTTP  4/5/2026 6:07:03 PM ::1 GET /favicon.ico
 HTTP  4/5/2026 6:07:03 PM ::1 Returned 304 in 16 ms
 HTTP  4/5/2026 6:07:10 PM ::1 GET /
 HTTP  4/5/2026 6:07:10 PM ::1 Returned 304 in 9 ms
 HTTP  4/5/2026 6:07:11 PM ::1 GET /css/index.css?v=20260321-13
 HTTP  4/5/2026 6:07:11 PM ::1 GET /css/layout.css?v=20260321-13
 HTTP  4/5/2026 6:07:11 PM ::1 GET /css/chat.css?v=20260322-1
 HTTP  4/5/2026 6:07:11 PM ::1 Returned 304 in 15 ms
 HTTP  4/5/2026 6:07:11 PM ::1 Returned 304 in 9 ms
 HTTP  4/5/2026 6:07:11 PM ::1 Returned 304 in 3 ms
 HTTP  4/5/2026 6:07:11 PM ::1 GET /css/desk.css?v=20260323-1
 HTTP  4/5/2026 6:07:11 PM ::1 GET /js/fastclick.min.js?v=FINAL_FORCE_RECOVERY_30
 HTTP  4/5/2026 6:07:11 PM ::1 GET /lib/utils.js?v=NEO_SAFE_PHASE28
 HTTP  4/5/2026 6:07:11 PM ::1 GET /lib/cloud/googleDrive.js?v=NEO_SAFE_PHASE28
 HTTP  4/5/2026 6:07:11 PM ::1 GET /css/components.css?v=20260321-13
 HTTP  4/5/2026 6:07:11 PM ::1 Returned 304 in 6 ms
 HTTP  4/5/2026 6:07:11 PM ::1 Returned 304 in 4 ms
 HTTP  4/5/2026 6:07:11 PM ::1 Returned 304 in 8 ms
 HTTP  4/5/2026 6:07:11 PM ::1 Returned 304 in 9 ms
 HTTP  4/5/2026 6:07:11 PM ::1 Returned 304 in 9 ms
 HTTP  4/5/2026 6:07:11 PM ::1 GET /js/supabase-config.js?v=neo-99-RECOVERY14
 HTTP  4/5/2026 6:07:11 PM ::1 GET /js/store.js?v=NEO_SAFE_PHASE28
 HTTP  4/5/2026 6:07:11 PM ::1 GET /js/neo-brain.js?v=NEO_SAFE_PHASE28
 HTTP  4/5/2026 6:07:11 PM ::1 GET /js/gemini.js?v=NEO_SAFE_PHASE28
 HTTP  4/5/2026 6:07:11 PM ::1 GET /js/doc-engine.js?v=NEO_SAFE_PHASE28
 HTTP  4/5/2026 6:07:11 PM ::1 GET /js/i18n.js?v=NEO_SAFE_PHASE28
 HTTP  4/5/2026 6:07:11 PM ::1 Returned 304 in 8 ms
 HTTP  4/5/2026 6:07:11 PM ::1 Returned 304 in 5 ms
 HTTP  4/5/2026 6:07:11 PM ::1 Returned 304 in 9 ms
 HTTP  4/5/2026 6:07:11 PM ::1 Returned 304 in 9 ms
 HTTP  4/5/2026 6:07:11 PM ::1 Returned 304 in 16 ms
 HTTP  4/5/2026 6:07:11 PM ::1 Returned 304 in 17 ms
 HTTP  4/5/2026 6:07:11 PM ::1 GET /pages/chat.js?v=NEO_SAFE_PHASE28
 HTTP  4/5/2026 6:07:11 PM ::1 GET /js/app.js?v=NEO_SAFE_PHASE28
 HTTP  4/5/2026 6:07:11 PM ::1 Returned 304 in 3 ms
 HTTP  4/5/2026 6:07:11 PM ::1 Returned 304 in 9 ms
 HTTP  4/5/2026 6:07:11 PM ::1 GET /js/StaticLexicon.js?v=2.6.5
 HTTP  4/5/2026 6:07:11 PM ::1 Returned 304 in 3 ms
 HTTP  4/5/2026 6:07:11 PM ::1 GET /js/industries.js?v=2.6.5
 HTTP  4/5/2026 6:07:11 PM ::1 GET /js/GoldenKnowledge.js
 HTTP  4/5/2026 6:07:11 PM ::1 Returned 304 in 6 ms
 HTTP  4/5/2026 6:07:11 PM ::1 Returned 304 in 4 ms
 HTTP  4/5/2026 6:07:11 PM ::1 GET /pages/parseInputToData.js?v=20260321-1
 HTTP  4/5/2026 6:07:11 PM ::1 Returned 304 in 6 ms
 HTTP  4/5/2026 6:07:11 PM ::1 GET /lib/components.js
 HTTP  4/5/2026 6:07:11 PM ::1 GET /lib/cloud/googleDrive.js
 HTTP  4/5/2026 6:07:11 PM ::1 GET /pages/home.js?v=20260321-12
 HTTP  4/5/2026 6:07:11 PM ::1 GET /pages/setup.js
 HTTP  4/5/2026 6:07:11 PM ::1 GET /js/userProfile.js?v=20260321-13
 HTTP  4/5/2026 6:07:11 PM ::1 GET /pages/document-manager.js
 HTTP  4/5/2026 6:07:11 PM ::1 Returned 304 in 6 ms
 HTTP  4/5/2026 6:07:11 PM ::1 Returned 304 in 3 ms
 HTTP  4/5/2026 6:07:11 PM ::1 Returned 304 in 4 ms
 HTTP  4/5/2026 6:07:11 PM ::1 Returned 304 in 4 ms
 HTTP  4/5/2026 6:07:11 PM ::1 Returned 304 in 9 ms
 HTTP  4/5/2026 6:07:11 PM ::1 Returned 304 in 10 ms
 HTTP  4/5/2026 6:07:11 PM ::1 GET /lib/core/neoKnowledgeReset.js
 HTTP  4/5/2026 6:07:11 PM ::1 GET /lib/supabase-knowledge-client.js
 HTTP  4/5/2026 6:07:11 PM ::1 GET /lib/supabase-client.js
 HTTP  4/5/2026 6:07:11 PM ::1 GET /lib/core/intentRouter.js
 HTTP  4/5/2026 6:07:11 PM ::1 GET /lib/export/pdfGenerator.js
 HTTP  4/5/2026 6:07:11 PM ::1 Returned 304 in 15 ms
 HTTP  4/5/2026 6:07:11 PM ::1 Returned 304 in 15 ms
 HTTP  4/5/2026 6:07:11 PM ::1 Returned 304 in 15 ms
 HTTP  4/5/2026 6:07:11 PM ::1 Returned 304 in 18 ms
 HTTP  4/5/2026 6:07:11 PM ::1 GET /lib/api/geminiClient.js
 HTTP  4/5/2026 6:07:11 PM ::1 Returned 304 in 11 ms
 HTTP  4/5/2026 6:07:11 PM ::1 Returned 304 in 2 ms
 HTTP  4/5/2026 6:07:11 PM ::1 GET /locales/ja.json
 HTTP  4/5/2026 6:07:11 PM ::1 Returned 304 in 2 ms
 HTTP  4/5/2026 6:07:11 PM ::1 GET /favicon.ico
 HTTP  4/5/2026 6:07:11 PM ::1 Returned 304 in 3 ms
 HTTP  4/5/2026 6:07:19 PM ::1 GET /views/home.html?v=1775380039557
 HTTP  4/5/2026 6:07:19 PM ::1 Returned 200 in 3 ms
 HTTP  4/5/2026 6:07:19 PM ::1 GET /pages/home.js
 HTTP  4/5/2026 6:07:19 PM ::1 GET /img/neo_avatar.jpg
 HTTP  4/5/2026 6:07:19 PM ::1 Returned 200 in 2 ms
 HTTP  4/5/2026 6:07:19 PM ::1 Returned 200 in 1 ms
 HTTP  4/5/2026 6:09:44 PM ::1 GET /views/document-gen.html
 HTTP  4/5/2026 6:09:44 PM ::1 Returned 200 in 6 ms
 HTTP  4/5/2026 6:11:11 PM ::1 GET /
 HTTP  4/5/2026 6:11:11 PM ::1 Returned 304 in 108 ms
 HTTP  4/5/2026 6:11:11 PM ::1 GET /css/index.css?v=20260321-13
 HTTP  4/5/2026 6:11:11 PM ::1 GET /css/layout.css?v=20260321-13
 HTTP  4/5/2026 6:11:11 PM ::1 Returned 304 in 11 ms
 HTTP  4/5/2026 6:11:11 PM ::1 Returned 304 in 3 ms
 HTTP  4/5/2026 6:11:11 PM ::1 GET /css/chat.css?v=20260322-1
 HTTP  4/5/2026 6:11:11 PM ::1 GET /js/fastclick.min.js?v=FINAL_FORCE_RECOVERY_30
 HTTP  4/5/2026 6:11:11 PM ::1 GET /lib/utils.js?v=NEO_SAFE_PHASE28
 HTTP  4/5/2026 6:11:11 PM ::1 GET /css/desk.css?v=20260323-1
 HTTP  4/5/2026 6:11:11 PM ::1 Returned 304 in 7 ms
 HTTP  4/5/2026 6:11:11 PM ::1 Returned 304 in 7 ms
 HTTP  4/5/2026 6:11:11 PM ::1 Returned 304 in 7 ms
 HTTP  4/5/2026 6:11:11 PM ::1 GET /css/components.css?v=20260321-13
 HTTP  4/5/2026 6:11:11 PM ::1 Returned 304 in 12 ms
 HTTP  4/5/2026 6:11:11 PM ::1 GET /lib/cloud/googleDrive.js?v=NEO_SAFE_PHASE28
 HTTP  4/5/2026 6:11:11 PM ::1 GET /js/store.js?v=NEO_SAFE_PHASE28
 HTTP  4/5/2026 6:11:11 PM ::1 GET /js/gemini.js?v=NEO_SAFE_PHASE28
 HTTP  4/5/2026 6:11:11 PM ::1 GET /js/supabase-config.js?v=neo-99-RECOVERY14
 HTTP  4/5/2026 6:11:11 PM ::1 Returned 304 in 9 ms
 HTTP  4/5/2026 6:11:11 PM ::1 Returned 304 in 7 ms
 HTTP  4/5/2026 6:11:11 PM ::1 GET /js/neo-brain.js?v=NEO_SAFE_PHASE28
 HTTP  4/5/2026 6:11:11 PM ::1 Returned 304 in 8 ms
 HTTP  4/5/2026 6:11:11 PM ::1 Returned 304 in 11 ms
 HTTP  4/5/2026 6:11:11 PM ::1 Returned 304 in 14 ms
 HTTP  4/5/2026 6:11:11 PM ::1 GET /js/doc-engine.js?v=NEO_SAFE_PHASE28
 HTTP  4/5/2026 6:11:11 PM ::1 GET /js/i18n.js?v=NEO_SAFE_PHASE28
 HTTP  4/5/2026 6:11:11 PM ::1 Returned 304 in 12 ms
 HTTP  4/5/2026 6:11:11 PM ::1 GET /js/app.js?v=NEO_SAFE_PHASE28
 HTTP  4/5/2026 6:11:11 PM ::1 GET /pages/chat.js?v=NEO_SAFE_PHASE28
 HTTP  4/5/2026 6:11:11 PM ::1 Returned 304 in 9 ms
 HTTP  4/5/2026 6:11:11 PM ::1 Returned 304 in 13 ms
 HTTP  4/5/2026 6:11:11 PM ::1 Returned 304 in 11 ms
 HTTP  4/5/2026 6:11:11 PM ::1 Returned 304 in 16 ms
 HTTP  4/5/2026 6:11:11 PM ::1 GET /js/StaticLexicon.js?v=2.6.5
 HTTP  4/5/2026 6:11:11 PM ::1 Returned 304 in 2 ms
 HTTP  4/5/2026 6:11:11 PM ::1 GET /js/industries.js?v=2.6.5
 HTTP  4/5/2026 6:11:11 PM ::1 Returned 304 in 2 ms
 HTTP  4/5/2026 6:11:11 PM ::1 GET /js/GoldenKnowledge.js
 HTTP  4/5/2026 6:11:11 PM ::1 Returned 304 in 3 ms
 HTTP  4/5/2026 6:11:11 PM ::1 GET /pages/parseInputToData.js?v=20260321-1
 HTTP  4/5/2026 6:11:11 PM ::1 Returned 304 in 3 ms
 HTTP  4/5/2026 6:11:12 PM ::1 GET /lib/components.js
 HTTP  4/5/2026 6:11:12 PM ::1 GET /lib/cloud/googleDrive.js
 HTTP  4/5/2026 6:11:12 PM ::1 GET /pages/home.js?v=20260321-12
 HTTP  4/5/2026 6:11:12 PM ::1 GET /pages/setup.js
 HTTP  4/5/2026 6:11:12 PM ::1 GET /pages/document-manager.js
 HTTP  4/5/2026 6:11:12 PM ::1 Returned 304 in 5 ms
 HTTP  4/5/2026 6:11:12 PM ::1 Returned 304 in 6 ms
 HTTP  4/5/2026 6:11:12 PM ::1 Returned 304 in 5 ms
 HTTP  4/5/2026 6:11:12 PM ::1 Returned 304 in 6 ms
 HTTP  4/5/2026 6:11:12 PM ::1 GET /js/userProfile.js?v=20260321-13
 HTTP  4/5/2026 6:11:12 PM ::1 Returned 304 in 7 ms
 HTTP  4/5/2026 6:11:12 PM ::1 GET /lib/core/neoKnowledgeReset.js
 HTTP  4/5/2026 6:11:12 PM ::1 GET /lib/supabase-knowledge-client.js
 HTTP  4/5/2026 6:11:12 PM ::1 GET /lib/supabase-client.js
 HTTP  4/5/2026 6:11:12 PM ::1 GET /lib/core/intentRouter.js
 HTTP  4/5/2026 6:11:12 PM ::1 Returned 304 in 5 ms
 HTTP  4/5/2026 6:11:12 PM ::1 Returned 304 in 4 ms
 HTTP  4/5/2026 6:11:12 PM ::1 Returned 304 in 3 ms
 HTTP  4/5/2026 6:11:12 PM ::1 GET /lib/export/pdfGenerator.js
 HTTP  4/5/2026 6:11:12 PM ::1 Returned 304 in 4 ms
 HTTP  4/5/2026 6:11:12 PM ::1 Returned 304 in 5 ms
 HTTP  4/5/2026 6:11:12 PM ::1 GET /lib/api/geminiClient.js
 HTTP  4/5/2026 6:11:12 PM ::1 Returned 304 in 5 ms
 HTTP  4/5/2026 6:11:12 PM ::1 Returned 304 in 3 ms
 HTTP  4/5/2026 6:11:12 PM ::1 GET /locales/ja.json
 HTTP  4/5/2026 6:11:12 PM ::1 Returned 304 in 3 ms
 HTTP  4/5/2026 6:11:12 PM ::1 GET /favicon.ico
 HTTP  4/5/2026 6:11:12 PM ::1 Returned 304 in 2 ms
 HTTP  4/5/2026 6:11:13 PM ::1 GET /views/home.html?v=1775380273328
 HTTP  4/5/2026 6:11:13 PM ::1 Returned 200 in 0 ms
 HTTP  4/5/2026 6:11:13 PM ::1 GET /img/neo_avatar.jpg
 HTTP  4/5/2026 6:11:13 PM ::1 GET /pages/home.js
 HTTP  4/5/2026 6:11:13 PM ::1 Returned 304 in 2 ms
 HTTP  4/5/2026 6:11:13 PM ::1 Returned 304 in 2 ms
 HTTP  4/5/2026 6:11:31 PM ::1 GET /views/document-gen.html
 HTTP  4/5/2026 6:11:31 PM ::1 Returned 304 in 2 ms
 HTTP  4/5/2026 6:11:43 PM ::1 GET /views/project.html?v=1775380303226
 HTTP  4/5/2026 6:11:43 PM ::1 Returned 200 in 0 ms
 HTTP  4/5/2026 6:11:43 PM ::1 GET /pages/project.js
 HTTP  4/5/2026 6:11:43 PM ::1 Returned 200 in 1 ms
 HTTP  4/5/2026 6:14:10 PM ::1 GET /
 HTTP  4/5/2026 6:14:10 PM ::1 Returned 304 in 2 ms
 HTTP  4/5/2026 6:14:10 PM ::1 GET /css/index.css?v=20260321-13
 HTTP  4/5/2026 6:14:10 PM ::1 Returned 304 in 2 ms
 HTTP  4/5/2026 6:14:10 PM ::1 GET /css/layout.css?v=20260321-13
 HTTP  4/5/2026 6:14:10 PM ::1 GET /css/chat.css?v=20260322-1
 HTTP  4/5/2026 6:14:10 PM ::1 Returned 304 in 8 ms
 HTTP  4/5/2026 6:14:10 PM ::1 Returned 304 in 7 ms
 HTTP  4/5/2026 6:14:10 PM ::1 GET /lib/utils.js?v=NEO_SAFE_PHASE28
 HTTP  4/5/2026 6:14:11 PM ::1 GET /css/desk.css?v=20260323-1
 HTTP  4/5/2026 6:14:11 PM ::1 GET /lib/cloud/googleDrive.js?v=NEO_SAFE_PHASE28
 HTTP  4/5/2026 6:14:10 PM ::1 Returned 304 in 4 ms
 HTTP  4/5/2026 6:14:11 PM ::1 Returned 304 in 2 ms
 HTTP  4/5/2026 6:14:11 PM ::1 GET /css/components.css?v=20260321-13
 HTTP  4/5/2026 6:14:11 PM ::1 Returned 304 in 3 ms
 HTTP  4/5/2026 6:14:11 PM ::1 Returned 304 in 1 ms
 HTTP  4/5/2026 6:14:11 PM ::1 GET /js/store.js?v=NEO_SAFE_PHASE28
 HTTP  4/5/2026 6:14:11 PM ::1 GET /js/gemini.js?v=NEO_SAFE_PHASE28
 HTTP  4/5/2026 6:14:11 PM ::1 GET /js/supabase-config.js?v=neo-99-RECOVERY14
 HTTP  4/5/2026 6:14:11 PM ::1 Returned 304 in 1 ms
 HTTP  4/5/2026 6:14:11 PM ::1 Returned 304 in 1 ms
 HTTP  4/5/2026 6:14:11 PM ::1 GET /js/neo-brain.js?v=NEO_SAFE_PHASE28
 HTTP  4/5/2026 6:14:11 PM ::1 GET /js/doc-engine.js?v=NEO_SAFE_PHASE28
 HTTP  4/5/2026 6:14:11 PM ::1 GET /js/fastclick.min.js?v=FINAL_FORCE_RECOVERY_30
 HTTP  4/5/2026 6:14:11 PM ::1 Returned 304 in 5 ms
 HTTP  4/5/2026 6:14:11 PM ::1 Returned 304 in 2 ms
 HTTP  4/5/2026 6:14:11 PM ::1 Returned 304 in 2 ms
 HTTP  4/5/2026 6:14:11 PM ::1 GET /js/i18n.js?v=NEO_SAFE_PHASE28
 HTTP  4/5/2026 6:14:11 PM ::1 GET /js/app.js?v=NEO_SAFE_PHASE28
 HTTP  4/5/2026 6:14:11 PM ::1 Returned 304 in 5 ms
 HTTP  4/5/2026 6:14:11 PM ::1 Returned 304 in 6 ms
 HTTP  4/5/2026 6:14:11 PM ::1 GET /pages/chat.js?v=NEO_SAFE_PHASE28
 HTTP  4/5/2026 6:14:11 PM ::1 Returned 304 in 9 ms
 HTTP  4/5/2026 6:14:11 PM ::1 Returned 304 in 5 ms
 HTTP  4/5/2026 6:14:11 PM ::1 GET /js/StaticLexicon.js?v=2.6.5
 HTTP  4/5/2026 6:14:11 PM ::1 Returned 304 in 3 ms
 HTTP  4/5/2026 6:14:11 PM ::1 GET /js/industries.js?v=2.6.5
 HTTP  4/5/2026 6:14:11 PM ::1 Returned 304 in 1 ms
 HTTP  4/5/2026 6:14:11 PM ::1 GET /js/GoldenKnowledge.js
 HTTP  4/5/2026 6:14:11 PM ::1 Returned 304 in 1 ms
 HTTP  4/5/2026 6:14:11 PM ::1 GET /pages/parseInputToData.js?v=20260321-1
 HTTP  4/5/2026 6:14:11 PM ::1 Returned 304 in 1 ms
 HTTP  4/5/2026 6:14:11 PM ::1 GET /lib/components.js
 HTTP  4/5/2026 6:14:11 PM ::1 GET /lib/cloud/googleDrive.js
 HTTP  4/5/2026 6:14:11 PM ::1 GET /pages/home.js?v=20260321-12
 HTTP  4/5/2026 6:14:11 PM ::1 GET /pages/setup.js
 HTTP  4/5/2026 6:14:11 PM ::1 Returned 304 in 4 ms
 HTTP  4/5/2026 6:14:11 PM ::1 Returned 304 in 2 ms
 HTTP  4/5/2026 6:14:11 PM ::1 Returned 304 in 2 ms
 HTTP  4/5/2026 6:14:11 PM ::1 Returned 304 in 3 ms
 HTTP  4/5/2026 6:14:11 PM ::1 GET /pages/document-manager.js
 HTTP  4/5/2026 6:14:11 PM ::1 GET /js/userProfile.js?v=20260321-13
 HTTP  4/5/2026 6:14:11 PM ::1 Returned 304 in 0 ms
 HTTP  4/5/2026 6:14:11 PM ::1 GET /lib/core/neoKnowledgeReset.js
 HTTP  4/5/2026 6:14:11 PM ::1 GET /lib/supabase-knowledge-client.js
 HTTP  4/5/2026 6:14:11 PM ::1 GET /lib/supabase-client.js
 HTTP  4/5/2026 6:14:11 PM ::1 GET /lib/core/intentRouter.js
 HTTP  4/5/2026 6:14:11 PM ::1 Returned 304 in 3 ms
 HTTP  4/5/2026 6:14:11 PM ::1 Returned 304 in 3 ms
 HTTP  4/5/2026 6:14:11 PM ::1 Returned 304 in 4 ms
 HTTP  4/5/2026 6:14:11 PM ::1 Returned 304 in 3 ms
 HTTP  4/5/2026 6:14:11 PM ::1 GET /lib/export/pdfGenerator.js
 HTTP  4/5/2026 6:14:11 PM ::1 Returned 304 in 5 ms
 HTTP  4/5/2026 6:14:11 PM ::1 GET /lib/api/geminiClient.js
 HTTP  4/5/2026 6:14:11 PM ::1 Returned 304 in 3 ms
 HTTP  4/5/2026 6:14:11 PM ::1 Returned 304 in 3 ms
 HTTP  4/5/2026 6:14:11 PM ::1 GET /locales/ja.json
 HTTP  4/5/2026 6:14:11 PM ::1 Returned 304 in 2 ms
 HTTP  4/5/2026 6:14:11 PM ::1 GET /favicon.ico
 HTTP  4/5/2026 6:14:11 PM ::1 Returned 304 in 2 ms
 HTTP  4/5/2026 6:14:11 PM ::1 GET /
 HTTP  4/5/2026 6:14:11 PM ::1 Returned 304 in 1 ms
 HTTP  4/5/2026 6:14:11 PM ::1 GET /css/index.css?v=20260321-13
 HTTP  4/5/2026 6:14:11 PM ::1 GET /css/layout.css?v=20260321-13
 HTTP  4/5/2026 6:14:11 PM ::1 GET /css/chat.css?v=20260322-1
 HTTP  4/5/2026 6:14:11 PM ::1 GET /css/components.css?v=20260321-13
 HTTP  4/5/2026 6:14:11 PM ::1 GET /css/desk.css?v=20260323-1
 HTTP  4/5/2026 6:14:11 PM ::1 GET /js/supabase-config.js?v=neo-99-RECOVERY14
 HTTP  4/5/2026 6:14:11 PM ::1 Returned 304 in 4 ms
 HTTP  4/5/2026 6:14:11 PM ::1 Returned 304 in 3 ms
 HTTP  4/5/2026 6:14:11 PM ::1 Returned 304 in 3 ms
 HTTP  4/5/2026 6:14:11 PM ::1 Returned 304 in 3 ms
 HTTP  4/5/2026 6:14:11 PM ::1 Returned 304 in 3 ms
 HTTP  4/5/2026 6:14:11 PM ::1 GET /lib/cloud/googleDrive.js?v=NEO_SAFE_PHASE28
 HTTP  4/5/2026 6:14:11 PM ::1 GET /js/store.js?v=NEO_SAFE_PHASE28
 HTTP  4/5/2026 6:14:11 PM ::1 GET /js/gemini.js?v=NEO_SAFE_PHASE28
 HTTP  4/5/2026 6:14:11 PM ::1 Returned 304 in 7 ms
 HTTP  4/5/2026 6:14:11 PM ::1 Returned 304 in 2 ms
 HTTP  4/5/2026 6:14:11 PM ::1 Returned 304 in 2 ms
 HTTP  4/5/2026 6:14:11 PM ::1 GET /js/fastclick.min.js?v=FINAL_FORCE_RECOVERY_30
 HTTP  4/5/2026 6:14:11 PM ::1 GET /lib/utils.js?v=NEO_SAFE_PHASE28
 HTTP  4/5/2026 6:14:11 PM ::1 GET /js/doc-engine.js?v=NEO_SAFE_PHASE28
 HTTP  4/5/2026 6:14:11 PM ::1 GET /js/i18n.js?v=NEO_SAFE_PHASE28
 HTTP  4/5/2026 6:14:11 PM ::1 Returned 304 in 3 ms
 HTTP  4/5/2026 6:14:11 PM ::1 Returned 304 in 3 ms
 HTTP  4/5/2026 6:14:11 PM ::1 Returned 304 in 5 ms
 HTTP  4/5/2026 6:14:11 PM ::1 Returned 304 in 5 ms
 HTTP  4/5/2026 6:14:11 PM ::1 GET /js/neo-brain.js?v=NEO_SAFE_PHASE28
 HTTP  4/5/2026 6:14:11 PM ::1 Returned 304 in 6 ms
 HTTP  4/5/2026 6:14:11 PM ::1 GET /js/app.js?v=NEO_SAFE_PHASE28
 HTTP  4/5/2026 6:14:11 PM ::1 GET /pages/chat.js?v=NEO_SAFE_PHASE28
 HTTP  4/5/2026 6:14:11 PM ::1 Returned 304 in 1 ms
 HTTP  4/5/2026 6:14:11 PM ::1 Returned 304 in 1 ms
 HTTP  4/5/2026 6:14:11 PM ::1 Returned 304 in 0 ms
 HTTP  4/5/2026 6:14:11 PM ::1 GET /js/StaticLexicon.js?v=2.6.5
 HTTP  4/5/2026 6:14:11 PM ::1 GET /js/industries.js?v=2.6.5
 HTTP  4/5/2026 6:14:11 PM ::1 GET /js/GoldenKnowledge.js
 HTTP  4/5/2026 6:14:11 PM ::1 GET /pages/parseInputToData.js?v=20260321-1
 HTTP  4/5/2026 6:14:11 PM ::1 Returned 304 in 4 ms
 HTTP  4/5/2026 6:14:11 PM ::1 Returned 304 in 2 ms
 HTTP  4/5/2026 6:14:11 PM ::1 Returned 304 in 3 ms
 HTTP  4/5/2026 6:14:11 PM ::1 Returned 304 in 3 ms
 HTTP  4/5/2026 6:14:11 PM ::1 GET /lib/components.js
 HTTP  4/5/2026 6:14:11 PM ::1 GET /lib/cloud/googleDrive.js
 HTTP  4/5/2026 6:14:11 PM ::1 GET /pages/home.js?v=20260321-12
 HTTP  4/5/2026 6:14:11 PM ::1 GET /pages/setup.js
 HTTP  4/5/2026 6:14:11 PM ::1 GET /js/userProfile.js?v=20260321-13
 HTTP  4/5/2026 6:14:11 PM ::1 GET /lib/core/neoKnowledgeReset.js
 HTTP  4/5/2026 6:14:11 PM ::1 Returned 304 in 1 ms
 HTTP  4/5/2026 6:14:11 PM ::1 Returned 304 in 2 ms
 HTTP  4/5/2026 6:14:11 PM ::1 Returned 304 in 4 ms
 HTTP  4/5/2026 6:14:11 PM ::1 Returned 304 in 3 ms
 HTTP  4/5/2026 6:14:11 PM ::1 Returned 304 in 4 ms
 HTTP  4/5/2026 6:14:11 PM ::1 GET /lib/core/intentRouter.js
 HTTP  4/5/2026 6:14:11 PM ::1 Returned 304 in 5 ms
 HTTP  4/5/2026 6:14:11 PM ::1 GET /pages/document-manager.js
 HTTP  4/5/2026 6:14:11 PM ::1 GET /lib/supabase-knowledge-client.js
 HTTP  4/5/2026 6:14:11 PM ::1 GET /lib/supabase-client.js
 HTTP  4/5/2026 6:14:11 PM ::1 GET /lib/export/pdfGenerator.js
 HTTP  4/5/2026 6:14:11 PM ::1 Returned 304 in 1 ms
 HTTP  4/5/2026 6:14:11 PM ::1 Returned 304 in 2 ms
 HTTP  4/5/2026 6:14:11 PM ::1 Returned 304 in 2 ms
 HTTP  4/5/2026 6:14:11 PM ::1 Returned 304 in 2 ms
 HTTP  4/5/2026 6:14:11 PM ::1 GET /lib/api/geminiClient.js
 HTTP  4/5/2026 6:14:11 PM ::1 Returned 304 in 5 ms
 HTTP  4/5/2026 6:14:11 PM ::1 Returned 304 in 2 ms
 HTTP  4/5/2026 6:14:11 PM ::1 GET /locales/ja.json
 HTTP  4/5/2026 6:14:11 PM ::1 Returned 304 in 1 ms
 HTTP  4/5/2026 6:14:11 PM ::1 GET /favicon.ico
 HTTP  4/5/2026 6:14:11 PM ::1 Returned 304 in 2 ms
 HTTP  4/5/2026 6:14:12 PM ::1 GET /views/home.html?v=1775380452578
 HTTP  4/5/2026 6:14:12 PM ::1 Returned 200 in 1 ms
 HTTP  4/5/2026 6:14:12 PM ::1 GET /img/neo_avatar.jpg
 HTTP  4/5/2026 6:14:12 PM ::1 GET /pages/home.js
 HTTP  4/5/2026 6:14:12 PM ::1 Returned 304 in 1 ms
 HTTP  4/5/2026 6:14:12 PM ::1 Returned 304 in 0 ms
 HTTP  4/5/2026 6:14:14 PM ::1 GET /views/project.html?v=1775380454011
 HTTP  4/5/2026 6:14:14 PM ::1 Returned 200 in 2 ms
 HTTP  4/5/2026 6:14:14 PM ::1 GET /pages/project.js
 HTTP  4/5/2026 6:14:14 PM ::1 Returned 304 in 1 ms
 HTTP  4/5/2026 6:14:29 PM ::1 GET /views/desk.html?v=1775380469694
 HTTP  4/5/2026 6:14:29 PM ::1 Returned 200 in 2 ms
 HTTP  4/5/2026 6:14:29 PM ::1 GET /pages/desk.js
 HTTP  4/5/2026 6:14:29 PM ::1 Returned 200 in 1 ms
 HTTP  4/5/2026 6:14:30 PM ::1 GET /views/account.html?v=1775380470473
 HTTP  4/5/2026 6:14:30 PM ::1 Returned 200 in 1 ms
 HTTP  4/5/2026 6:14:30 PM ::1 GET /pages/account-settings.js
 HTTP  4/5/2026 6:14:30 PM ::1 Returned 200 in 3 ms
 HTTP  4/5/2026 6:15:01 PM ::1 GET /views/home.html?v=1775380501427
 HTTP  4/5/2026 6:15:01 PM ::1 Returned 200 in 1 ms
 HTTP  4/5/2026 6:15:01 PM ::1 GET /img/neo_avatar.jpg
 HTTP  4/5/2026 6:15:01 PM ::1 Returned 304 in 2 ms
 HTTP  4/5/2026 6:15:02 PM ::1 GET /views/project.html?v=1775380502679
 HTTP  4/5/2026 6:15:02 PM ::1 Returned 200 in 1 ms
 HTTP  4/5/2026 6:15:04 PM ::1 GET /views/desk.html?v=1775380504494
 HTTP  4/5/2026 6:15:04 PM ::1 Returned 200 in 1 ms
 HTTP  4/5/2026 6:15:10 PM ::1 GET /views/home.html?v=1775380510012
 HTTP  4/5/2026 6:15:10 PM ::1 Returned 200 in 1 ms
 HTTP  4/5/2026 6:15:10 PM ::1 GET /img/neo_avatar.jpg
 HTTP  4/5/2026 6:15:10 PM ::1 Returned 304 in 1 ms
 HTTP  4/5/2026 6:18:06 PM ::1 GET /views/project.html?v=1775380686895
 HTTP  4/5/2026 6:18:06 PM ::1 Returned 200 in 4 ms
 HTTP  4/5/2026 6:18:08 PM ::1 GET /views/home.html?v=1775380688012
 HTTP  4/5/2026 6:18:08 PM ::1 Returned 200 in 4 ms
 HTTP  4/5/2026 6:18:09 PM ::1 GET /views/project.html?v=1775380689278
 HTTP  4/5/2026 6:18:09 PM ::1 Returned 200 in 1 ms
 HTTP  4/5/2026 6:18:10 PM ::1 GET /views/desk.html?v=1775380690895
 HTTP  4/5/2026 6:18:10 PM ::1 Returned 200 in 3 ms
 HTTP  4/5/2026 6:18:11 PM ::1 GET /views/wallet.html?v=1775380691618
 HTTP  4/5/2026 6:18:11 PM ::1 Returned 200 in 1 ms
 HTTP  4/5/2026 6:18:11 PM ::1 GET /pages/wallet-render.js
 HTTP  4/5/2026 6:18:11 PM ::1 Returned 200 in 1 ms
 HTTP  4/5/2026 6:18:11 PM ::1 GET /views/chat.html?v=1775380691811
 HTTP  4/5/2026 6:18:11 PM ::1 Returned 200 in 0 ms
 HTTP  4/5/2026 6:18:11 PM ::1 GET /pages/chat.js
 HTTP  4/5/2026 6:18:11 PM ::1 Returned 200 in 1 ms
 HTTP  4/5/2026 6:18:29 PM ::1 GET /views/home.html?v=1775380709078
 HTTP  4/5/2026 6:18:29 PM ::1 Returned 200 in 2 ms
 HTTP  4/5/2026 6:18:54 PM ::1 GET /views/project.html?v=1775380734961
 HTTP  4/5/2026 6:18:54 PM ::1 Returned 200 in 3 ms
 HTTP  4/5/2026 6:19:00 PM ::1 GET /views/home.html?v=1775380740561
 HTTP  4/5/2026 6:19:00 PM ::1 Returned 200 in 1 ms
 HTTP  4/5/2026 6:21:27 PM ::1 GET /css/layout.css?v=20260321-13
 HTTP  4/5/2026 6:21:27 PM ::1 GET /css/chat.css?v=20260322-1
 HTTP  4/5/2026 6:21:27 PM ::1 Returned 304 in 118 ms
 HTTP  4/5/2026 6:21:27 PM ::1 GET /css/index.css?v=20260321-13
 HTTP  4/5/2026 6:21:27 PM ::1 Returned 304 in 8 ms
 HTTP  4/5/2026 6:21:27 PM ::1 GET /css/desk.css?v=20260323-1
 HTTP  4/5/2026 6:21:27 PM ::1 Returned 304 in 22 ms
 HTTP  4/5/2026 6:21:27 PM ::1 Returned 304 in 36 ms
 HTTP  4/5/2026 6:21:27 PM ::1 GET /css/components.css?v=20260321-13
 HTTP  4/5/2026 6:21:27 PM ::1 GET /.well-known/appspecific/com.chrome.devtools.json
 HTTP  4/5/2026 6:21:27 PM ::1 Returned 304 in 25 ms
 HTTP  4/5/2026 6:21:27 PM ::1 Returned 200 in 28 ms
 HTTP  4/5/2026 6:21:56 PM ::1 GET /
 HTTP  4/5/2026 6:21:56 PM ::1 Returned 304 in 1 ms
 HTTP  4/5/2026 6:21:56 PM ::1 GET /css/index.css?v=20260321-13
 HTTP  4/5/2026 6:21:56 PM ::1 GET /css/chat.css?v=20260322-1
 HTTP  4/5/2026 6:21:56 PM ::1 Returned 304 in 2 ms
 HTTP  4/5/2026 6:21:56 PM ::1 Returned 304 in 8 ms
 HTTP  4/5/2026 6:21:56 PM ::1 GET /css/layout.css?v=20260321-13
 HTTP  4/5/2026 6:21:56 PM ::1 GET /js/fastclick.min.js?v=FINAL_FORCE_RECOVERY_30
 HTTP  4/5/2026 6:21:56 PM ::1 GET /lib/cloud/googleDrive.js?v=NEO_SAFE_PHASE28
 HTTP  4/5/2026 6:21:56 PM ::1 GET /css/desk.css?v=20260323-1
 HTTP  4/5/2026 6:21:56 PM ::1 Returned 304 in 2 ms
 HTTP  4/5/2026 6:21:56 PM ::1 Returned 304 in 2 ms
 HTTP  4/5/2026 6:21:56 PM ::1 Returned 304 in 1 ms
 HTTP  4/5/2026 6:21:56 PM ::1 Returned 304 in 1 ms
 HTTP  4/5/2026 6:21:56 PM ::1 GET /css/components.css?v=20260321-13
 HTTP  4/5/2026 6:21:56 PM ::1 GET /js/supabase-config.js?v=neo-99-RECOVERY14
 HTTP  4/5/2026 6:21:56 PM ::1 Returned 304 in 1 ms
 HTTP  4/5/2026 6:21:56 PM ::1 Returned 304 in 0 ms
 HTTP  4/5/2026 6:21:56 PM ::1 GET /lib/utils.js?v=NEO_SAFE_PHASE28
 HTTP  4/5/2026 6:21:56 PM ::1 GET /js/store.js?v=NEO_SAFE_PHASE28
 HTTP  4/5/2026 6:21:56 PM ::1 GET /js/gemini.js?v=NEO_SAFE_PHASE28
 HTTP  4/5/2026 6:21:56 PM ::1 GET /js/neo-brain.js?v=NEO_SAFE_PHASE28
 HTTP  4/5/2026 6:21:56 PM ::1 Returned 304 in 4 ms
 HTTP  4/5/2026 6:21:56 PM ::1 Returned 304 in 4 ms
 HTTP  4/5/2026 6:21:56 PM ::1 Returned 304 in 2 ms
 HTTP  4/5/2026 6:21:56 PM ::1 GET /js/doc-engine.js?v=NEO_SAFE_PHASE28
 HTTP  4/5/2026 6:21:56 PM ::1 GET /js/i18n.js?v=NEO_SAFE_PHASE28
 HTTP  4/5/2026 6:21:56 PM ::1 Returned 304 in 2 ms
 HTTP  4/5/2026 6:21:56 PM ::1 GET /js/app.js?v=NEO_SAFE_PHASE28
 HTTP  4/5/2026 6:21:56 PM ::1 GET /pages/chat.js?v=NEO_SAFE_PHASE28
 HTTP  4/5/2026 6:21:56 PM ::1 GET /.well-known/appspecific/com.chrome.devtools.json
 HTTP  4/5/2026 6:21:56 PM ::1 Returned 304 in 12 ms
 HTTP  4/5/2026 6:21:56 PM ::1 Returned 304 in 11 ms
 HTTP  4/5/2026 6:21:56 PM ::1 Returned 200 in 4 ms
 HTTP  4/5/2026 6:21:56 PM ::1 Returned 304 in 8 ms
 HTTP  4/5/2026 6:21:56 PM ::1 Returned 200 in 14 ms
 HTTP  4/5/2026 6:21:56 PM ::1 GET /js/StaticLexicon.js?v=2.6.5
 HTTP  4/5/2026 6:21:56 PM ::1 Returned 304 in 1 ms
 HTTP  4/5/2026 6:21:56 PM ::1 GET /js/industries.js?v=2.6.5
 HTTP  4/5/2026 6:21:56 PM ::1 Returned 304 in 1 ms
 HTTP  4/5/2026 6:21:56 PM ::1 GET /js/GoldenKnowledge.js
 HTTP  4/5/2026 6:21:56 PM ::1 Returned 304 in 1 ms
 HTTP  4/5/2026 6:21:56 PM ::1 GET /pages/parseInputToData.js?v=20260321-1
 HTTP  4/5/2026 6:21:56 PM ::1 Returned 304 in 1 ms
 HTTP  4/5/2026 6:21:56 PM ::1 GET /lib/components.js
 HTTP  4/5/2026 6:21:56 PM ::1 GET /lib/cloud/googleDrive.js
 HTTP  4/5/2026 6:21:56 PM ::1 Returned 304 in 2 ms
 HTTP  4/5/2026 6:21:56 PM ::1 GET /pages/home.js?v=20260321-12
 HTTP  4/5/2026 6:21:56 PM ::1 GET /pages/setup.js
 HTTP  4/5/2026 6:21:56 PM ::1 Returned 304 in 3 ms
 HTTP  4/5/2026 6:21:56 PM ::1 Returned 304 in 5 ms
 HTTP  4/5/2026 6:21:56 PM ::1 GET /pages/document-manager.js
 HTTP  4/5/2026 6:21:56 PM ::1 GET /js/userProfile.js?v=20260321-13
 HTTP  4/5/2026 6:21:56 PM ::1 GET /lib/core/neoKnowledgeReset.js
 HTTP  4/5/2026 6:21:56 PM ::1 Returned 304 in 6 ms
 HTTP  4/5/2026 6:21:56 PM ::1 Returned 304 in 2 ms
 HTTP  4/5/2026 6:21:56 PM ::1 Returned 304 in 3 ms
 HTTP  4/5/2026 6:21:56 PM ::1 GET /lib/supabase-knowledge-client.js
 HTTP  4/5/2026 6:21:56 PM ::1 GET /lib/supabase-client.js
 HTTP  4/5/2026 6:21:56 PM ::1 Returned 304 in 5 ms
 HTTP  4/5/2026 6:21:56 PM ::1 Returned 304 in 4 ms
 HTTP  4/5/2026 6:21:56 PM ::1 GET /lib/core/intentRouter.js
 HTTP  4/5/2026 6:21:56 PM ::1 GET /lib/export/pdfGenerator.js
 HTTP  4/5/2026 6:21:56 PM ::1 GET /lib/api/geminiClient.js
 HTTP  4/5/2026 6:21:56 PM ::1 Returned 304 in 4 ms
 HTTP  4/5/2026 6:21:56 PM ::1 Returned 304 in 2 ms
 HTTP  4/5/2026 6:21:56 PM ::1 Returned 304 in 2 ms
 HTTP  4/5/2026 6:21:56 PM ::1 Returned 200 in 4 ms
 HTTP  4/5/2026 6:21:56 PM ::1 GET /locales/ja.json
 HTTP  4/5/2026 6:21:56 PM ::1 GET /favicon.ico
 HTTP  4/5/2026 6:21:56 PM ::1 Returned 304 in 6 ms
 HTTP  4/5/2026 6:21:56 PM ::1 Returned 304 in 26 ms
 HTTP  4/5/2026 6:21:58 PM ::1 GET /views/home.html?v=1775380918097
 HTTP  4/5/2026 6:21:58 PM ::1 Returned 200 in 2 ms
 HTTP  4/5/2026 6:21:58 PM ::1 GET /img/neo_avatar.jpg
 HTTP  4/5/2026 6:21:58 PM ::1 GET /pages/home.js
 HTTP  4/5/2026 6:21:58 PM ::1 Returned 304 in 1 ms
 HTTP  4/5/2026 6:21:58 PM ::1 Returned 304 in 2 ms
 HTTP  4/5/2026 6:22:23 PM ::1 GET /
 HTTP  4/5/2026 6:22:23 PM ::1 Returned 304 in 1 ms
 HTTP  4/5/2026 6:22:23 PM ::1 GET /css/index.css?v=20260321-13
 HTTP  4/5/2026 6:22:23 PM ::1 Returned 304 in 1 ms
 HTTP  4/5/2026 6:22:23 PM ::1 GET /css/layout.css?v=20260321-13
 HTTP  4/5/2026 6:22:23 PM ::1 Returned 304 in 2 ms
 HTTP  4/5/2026 6:22:23 PM ::1 GET /css/chat.css?v=20260322-1
 HTTP  4/5/2026 6:22:23 PM ::1 GET /css/desk.css?v=20260323-1
 HTTP  4/5/2026 6:22:23 PM ::1 GET /css/components.css?v=20260321-13
 HTTP  4/5/2026 6:22:23 PM ::1 GET /lib/utils.js?v=NEO_SAFE_PHASE28
 HTTP  4/5/2026 6:22:23 PM ::1 Returned 304 in 2 ms
 HTTP  4/5/2026 6:22:23 PM ::1 Returned 304 in 3 ms
 HTTP  4/5/2026 6:22:23 PM ::1 Returned 304 in 4 ms
 HTTP  4/5/2026 6:22:23 PM ::1 GET /js/supabase-config.js?v=neo-99-RECOVERY14
 HTTP  4/5/2026 6:22:23 PM ::1 Returned 304 in 3 ms
 HTTP  4/5/2026 6:22:23 PM ::1 GET /lib/cloud/googleDrive.js?v=NEO_SAFE_PHASE28
 HTTP  4/5/2026 6:22:23 PM ::1 GET /js/store.js?v=NEO_SAFE_PHASE28
 HTTP  4/5/2026 6:22:23 PM ::1 GET /js/gemini.js?v=NEO_SAFE_PHASE28
 HTTP  4/5/2026 6:22:23 PM ::1 GET /js/fastclick.min.js?v=FINAL_FORCE_RECOVERY_30
 HTTP  4/5/2026 6:22:23 PM ::1 Returned 304 in 2 ms
 HTTP  4/5/2026 6:22:23 PM ::1 Returned 304 in 2 ms
 HTTP  4/5/2026 6:22:23 PM ::1 Returned 304 in 2 ms
 HTTP  4/5/2026 6:22:23 PM ::1 Returned 304 in 2 ms
 HTTP  4/5/2026 6:22:23 PM ::1 GET /js/neo-brain.js?v=NEO_SAFE_PHASE28
 HTTP  4/5/2026 6:22:23 PM ::1 Returned 304 in 4 ms
 HTTP  4/5/2026 6:22:23 PM ::1 GET /js/doc-engine.js?v=NEO_SAFE_PHASE28
 HTTP  4/5/2026 6:22:23 PM ::1 GET /js/i18n.js?v=NEO_SAFE_PHASE28
 HTTP  4/5/2026 6:22:23 PM ::1 GET /js/app.js?v=NEO_SAFE_PHASE28
 HTTP  4/5/2026 6:22:23 PM ::1 GET /pages/chat.js?v=NEO_SAFE_PHASE28
 HTTP  4/5/2026 6:22:23 PM ::1 Returned 304 in 3 ms
 HTTP  4/5/2026 6:22:23 PM ::1 Returned 304 in 1 ms
 HTTP  4/5/2026 6:22:23 PM ::1 Returned 304 in 2 ms
 HTTP  4/5/2026 6:22:23 PM ::1 Returned 304 in 3 ms
 HTTP  4/5/2026 6:22:23 PM ::1 Returned 304 in 4 ms
 HTTP  4/5/2026 6:22:23 PM ::1 GET /js/StaticLexicon.js?v=2.6.5
 HTTP  4/5/2026 6:22:23 PM ::1 GET /js/industries.js?v=2.6.5
 HTTP  4/5/2026 6:22:23 PM ::1 GET /js/GoldenKnowledge.js
 HTTP  4/5/2026 6:22:23 PM ::1 GET /pages/parseInputToData.js?v=20260321-1
 HTTP  4/5/2026 6:22:23 PM ::1 Returned 304 in 1 ms
 HTTP  4/5/2026 6:22:23 PM ::1 Returned 304 in 2 ms
 HTTP  4/5/2026 6:22:23 PM ::1 Returned 304 in 2 ms
 HTTP  4/5/2026 6:22:23 PM ::1 Returned 304 in 3 ms
 HTTP  4/5/2026 6:22:23 PM ::1 GET /lib/components.js
 HTTP  4/5/2026 6:22:23 PM ::1 GET /lib/cloud/googleDrive.js
 HTTP  4/5/2026 6:22:23 PM ::1 GET /pages/home.js?v=20260321-12
 HTTP  4/5/2026 6:22:23 PM ::1 GET /pages/setup.js
 HTTP  4/5/2026 6:22:23 PM ::1 GET /pages/document-manager.js
 HTTP  4/5/2026 6:22:23 PM ::1 Returned 304 in 3 ms
 HTTP  4/5/2026 6:22:23 PM ::1 Returned 304 in 2 ms
 HTTP  4/5/2026 6:22:23 PM ::1 Returned 304 in 3 ms
 HTTP  4/5/2026 6:22:23 PM ::1 Returned 304 in 3 ms
 HTTP  4/5/2026 6:22:23 PM ::1 GET /js/userProfile.js?v=20260321-13
 HTTP  4/5/2026 6:22:23 PM ::1 Returned 304 in 4 ms
 HTTP  4/5/2026 6:22:23 PM ::1 GET /lib/core/neoKnowledgeReset.js
 HTTP  4/5/2026 6:22:23 PM ::1 GET /lib/supabase-knowledge-client.js
 HTTP  4/5/2026 6:22:23 PM ::1 GET /lib/supabase-client.js
 HTTP  4/5/2026 6:22:23 PM ::1 GET /lib/core/intentRouter.js
 HTTP  4/5/2026 6:22:23 PM ::1 Returned 304 in 2 ms
 HTTP  4/5/2026 6:22:23 PM ::1 Returned 304 in 1 ms
 HTTP  4/5/2026 6:22:23 PM ::1 Returned 304 in 2 ms
 HTTP  4/5/2026 6:22:23 PM ::1 Returned 304 in 1 ms
 HTTP  4/5/2026 6:22:23 PM ::1 GET /lib/export/pdfGenerator.js
 HTTP  4/5/2026 6:22:23 PM ::1 Returned 304 in 3 ms
 HTTP  4/5/2026 6:22:23 PM ::1 GET /lib/api/geminiClient.js
 HTTP  4/5/2026 6:22:23 PM ::1 Returned 304 in 1 ms
 HTTP  4/5/2026 6:22:23 PM ::1 Returned 304 in 2 ms
 HTTP  4/5/2026 6:22:23 PM ::1 GET /locales/ja.json
 HTTP  4/5/2026 6:22:23 PM ::1 Returned 304 in 1 ms
 HTTP  4/5/2026 6:22:23 PM ::1 GET /favicon.ico
 HTTP  4/5/2026 6:22:23 PM ::1 Returned 304 in 1 ms
 HTTP  4/5/2026 6:22:24 PM ::1 GET /views/home.html?v=1775380944730
 HTTP  4/5/2026 6:22:24 PM ::1 Returned 200 in 1 ms
 HTTP  4/5/2026 6:22:24 PM ::1 GET /img/neo_avatar.jpg
 HTTP  4/5/2026 6:22:24 PM ::1 GET /pages/home.js
 HTTP  4/5/2026 6:22:24 PM ::1 Returned 304 in 1 ms
 HTTP  4/5/2026 6:22:24 PM ::1 Returned 304 in 1 ms
 HTTP  4/5/2026 6:22:30 PM ::1 GET /css/index.css?v=20260321-13
 HTTP  4/5/2026 6:22:30 PM ::1 GET /css/layout.css?v=20260321-13
 HTTP  4/5/2026 6:22:30 PM ::1 Returned 304 in 3 ms
 HTTP  4/5/2026 6:22:30 PM ::1 Returned 304 in 4 ms
 HTTP  4/5/2026 6:22:30 PM ::1 GET /css/chat.css?v=20260322-1
 HTTP  4/5/2026 6:22:30 PM ::1 GET /css/desk.css?v=20260323-1
 HTTP  4/5/2026 6:22:30 PM ::1 Returned 304 in 1 ms
 HTTP  4/5/2026 6:22:30 PM ::1 GET /css/components.css?v=20260321-13
 HTTP  4/5/2026 6:22:30 PM ::1 Returned 304 in 1 ms
 HTTP  4/5/2026 6:22:30 PM ::1 Returned 304 in 1 ms
 HTTP  4/5/2026 6:22:30 PM ::1 GET /.well-known/appspecific/com.chrome.devtools.json
 HTTP  4/5/2026 6:22:30 PM ::1 Returned 304 in 1 ms
 HTTP  4/5/2026 6:24:34 PM ::1 GET /views/project.html?v=1775381074310
 HTTP  4/5/2026 6:24:34 PM ::1 Returned 200 in 54 ms
 HTTP  4/5/2026 6:24:34 PM ::1 GET /views/project.html?v=1775381074314
 HTTP  4/5/2026 6:24:34 PM ::1 Returned 200 in 9 ms
 HTTP  4/5/2026 6:24:34 PM ::1 GET /views/project.html?v=1775381074316
 HTTP  4/5/2026 6:24:34 PM ::1 GET /views/project.html?v=1775381074318
 HTTP  4/5/2026 6:24:34 PM ::1 Returned 200 in 1 ms
 HTTP  4/5/2026 6:24:34 PM ::1 Returned 200 in 8 ms
 HTTP  4/5/2026 6:24:34 PM ::1 GET /pages/project.js
 HTTP  4/5/2026 6:24:34 PM ::1 Returned 304 in 1 ms
 HTTP  4/5/2026 6:25:05 PM ::1 GET /views/document-gen.html
 HTTP  4/5/2026 6:25:05 PM ::1 Returned 304 in 2 ms
 HTTP  4/5/2026 6:25:17 PM ::1 GET /
 HTTP  4/5/2026 6:25:17 PM ::1 Returned 304 in 1 ms
 HTTP  4/5/2026 6:25:17 PM ::1 GET /css/index.css?v=20260321-13
 HTTP  4/5/2026 6:25:17 PM ::1 GET /css/layout.css?v=20260321-13
 HTTP  4/5/2026 6:25:17 PM ::1 Returned 304 in 2 ms
 HTTP  4/5/2026 6:25:17 PM ::1 Returned 304 in 3 ms
 HTTP  4/5/2026 6:25:17 PM ::1 GET /css/components.css?v=20260321-13
 HTTP  4/5/2026 6:25:17 PM ::1 GET /js/supabase-config.js?v=neo-99-RECOVERY14
 HTTP  4/5/2026 6:25:17 PM ::1 GET /css/chat.css?v=20260322-1
 HTTP  4/5/2026 6:25:17 PM ::1 Returned 304 in 6 ms
 HTTP  4/5/2026 6:25:17 PM ::1 Returned 304 in 7 ms
 HTTP  4/5/2026 6:25:17 PM ::1 GET /css/desk.css?v=20260323-1
 HTTP  4/5/2026 6:25:17 PM ::1 Returned 304 in 17 ms
 HTTP  4/5/2026 6:25:17 PM ::1 GET /lib/utils.js?v=NEO_SAFE_PHASE28
 HTTP  4/5/2026 6:25:17 PM ::1 GET /js/store.js?v=NEO_SAFE_PHASE28
 HTTP  4/5/2026 6:25:17 PM ::1 GET /js/fastclick.min.js?v=FINAL_FORCE_RECOVERY_30
 HTTP  4/5/2026 6:25:17 PM ::1 Returned 304 in 11 ms
 HTTP  4/5/2026 6:25:17 PM ::1 Returned 304 in 14 ms
 HTTP  4/5/2026 6:25:17 PM ::1 Returned 304 in 12 ms
 HTTP  4/5/2026 6:25:17 PM ::1 GET /js/gemini.js?v=NEO_SAFE_PHASE28
 HTTP  4/5/2026 6:25:17 PM ::1 GET /lib/cloud/googleDrive.js?v=NEO_SAFE_PHASE28
 HTTP  4/5/2026 6:25:17 PM ::1 Returned 304 in 15 ms
 HTTP  4/5/2026 6:25:17 PM ::1 Returned 304 in 1 ms
 HTTP  4/5/2026 6:25:17 PM ::1 GET /js/neo-brain.js?v=NEO_SAFE_PHASE28
 HTTP  4/5/2026 6:25:17 PM ::1 GET /js/doc-engine.js?v=NEO_SAFE_PHASE28
 HTTP  4/5/2026 6:25:17 PM ::1 GET /js/i18n.js?v=NEO_SAFE_PHASE28
 HTTP  4/5/2026 6:25:17 PM ::1 Returned 304 in 9 ms
 HTTP  4/5/2026 6:25:17 PM ::1 Returned 304 in 9 ms
 HTTP  4/5/2026 6:25:17 PM ::1 Returned 304 in 15 ms
 HTTP  4/5/2026 6:25:17 PM ::1 GET /js/app.js?v=NEO_SAFE_PHASE28
 HTTP  4/5/2026 6:25:17 PM ::1 GET /pages/chat.js?v=NEO_SAFE_PHASE28
 HTTP  4/5/2026 6:25:17 PM ::1 GET /.well-known/appspecific/com.chrome.devtools.json
 HTTP  4/5/2026 6:25:17 PM ::1 Returned 304 in 16 ms
 HTTP  4/5/2026 6:25:17 PM ::1 Returned 304 in 2 ms
 HTTP  4/5/2026 6:25:17 PM ::1 Returned 304 in 1 ms
 HTTP  4/5/2026 6:25:17 PM ::1 Returned 304 in 6 ms
 HTTP  4/5/2026 6:25:17 PM ::1 GET /js/StaticLexicon.js?v=2.6.5
 HTTP  4/5/2026 6:25:17 PM ::1 Returned 304 in 21 ms
 HTTP  4/5/2026 6:25:17 PM ::1 GET /js/industries.js?v=2.6.5
 HTTP  4/5/2026 6:25:17 PM ::1 GET /js/GoldenKnowledge.js
 HTTP  4/5/2026 6:25:17 PM ::1 Returned 304 in 7 ms
 HTTP  4/5/2026 6:25:17 PM ::1 Returned 304 in 6 ms
 HTTP  4/5/2026 6:25:17 PM ::1 GET /pages/parseInputToData.js?v=20260321-1
 HTTP  4/5/2026 6:25:17 PM ::1 Returned 304 in 1 ms
 HTTP  4/5/2026 6:25:17 PM ::1 GET /pages/home.js?v=20260321-12
 HTTP  4/5/2026 6:25:17 PM ::1 GET /pages/setup.js
 HTTP  4/5/2026 6:25:17 PM ::1 GET /lib/cloud/googleDrive.js
 HTTP  4/5/2026 6:25:17 PM ::1 GET /lib/components.js
 HTTP  4/5/2026 6:25:17 PM ::1 GET /js/userProfile.js?v=20260321-13
 HTTP  4/5/2026 6:25:17 PM ::1 GET /lib/core/neoKnowledgeReset.js
 HTTP  4/5/2026 6:25:17 PM ::1 Returned 304 in 3 ms
 HTTP  4/5/2026 6:25:17 PM ::1 Returned 304 in 7 ms
 HTTP  4/5/2026 6:25:17 PM ::1 Returned 304 in 10 ms
 HTTP  4/5/2026 6:25:17 PM ::1 Returned 304 in 9 ms
 HTTP  4/5/2026 6:25:17 PM ::1 Returned 304 in 49 ms
 HTTP  4/5/2026 6:25:17 PM ::1 Returned 304 in 52 ms
 HTTP  4/5/2026 6:25:17 PM ::1 GET /lib/supabase-knowledge-client.js
 HTTP  4/5/2026 6:25:17 PM ::1 GET /lib/supabase-client.js
 HTTP  4/5/2026 6:25:17 PM ::1 GET /lib/api/geminiClient.js
 HTTP  4/5/2026 6:25:17 PM ::1 GET /pages/document-manager.js
 HTTP  4/5/2026 6:25:17 PM ::1 GET /lib/core/intentRouter.js
 HTTP  4/5/2026 6:25:17 PM ::1 GET /lib/export/pdfGenerator.js
 HTTP  4/5/2026 6:25:17 PM ::1 Returned 304 in 2 ms
 HTTP  4/5/2026 6:25:17 PM ::1 Returned 304 in 1 ms
 HTTP  4/5/2026 6:25:17 PM ::1 Returned 304 in 1 ms
 HTTP  4/5/2026 6:25:17 PM ::1 Returned 304 in 7 ms
 HTTP  4/5/2026 6:25:17 PM ::1 Returned 304 in 8 ms
 HTTP  4/5/2026 6:25:17 PM ::1 Returned 304 in 9 ms
 HTTP  4/5/2026 6:25:17 PM ::1 GET /locales/ja.json
 HTTP  4/5/2026 6:25:17 PM ::1 Returned 304 in 1 ms
 HTTP  4/5/2026 6:25:17 PM ::1 GET /favicon.ico
 HTTP  4/5/2026 6:25:17 PM ::1 Returned 304 in 15 ms
 HTTP  4/5/2026 6:26:33 PM ::1 GET /
 HTTP  4/5/2026 6:26:33 PM ::1 Returned 304 in 2 ms
 HTTP  4/5/2026 6:26:33 PM ::1 GET /css/index.css?v=20260321-13
 HTTP  4/5/2026 6:26:33 PM ::1 GET /css/layout.css?v=20260321-13
 HTTP  4/5/2026 6:26:33 PM ::1 Returned 304 in 12 ms
 HTTP  4/5/2026 6:26:33 PM ::1 Returned 304 in 4 ms
 HTTP  4/5/2026 6:26:33 PM ::1 GET /lib/cloud/googleDrive.js?v=NEO_SAFE_PHASE28
 HTTP  4/5/2026 6:26:33 PM ::1 GET /lib/utils.js?v=NEO_SAFE_PHASE28
 HTTP  4/5/2026 6:26:33 PM ::1 GET /css/chat.css?v=20260322-1
 HTTP  4/5/2026 6:26:33 PM ::1 Returned 304 in 39 ms
 HTTP  4/5/2026 6:26:33 PM ::1 Returned 304 in 11 ms
 HTTP  4/5/2026 6:26:33 PM ::1 GET /css/desk.css?v=20260323-1
 HTTP  4/5/2026 6:26:33 PM ::1 Returned 304 in 9 ms
 HTTP  4/5/2026 6:26:33 PM ::1 GET /js/fastclick.min.js?v=FINAL_FORCE_RECOVERY_30
 HTTP  4/5/2026 6:26:33 PM ::1 GET /js/gemini.js?v=NEO_SAFE_PHASE28
 HTTP  4/5/2026 6:26:33 PM ::1 GET /css/components.css?v=20260321-13
 HTTP  4/5/2026 6:26:33 PM ::1 GET /js/neo-brain.js?v=NEO_SAFE_PHASE28
 HTTP  4/5/2026 6:26:33 PM ::1 Returned 304 in 10 ms
 HTTP  4/5/2026 6:26:33 PM ::1 Returned 304 in 2 ms
 HTTP  4/5/2026 6:26:33 PM ::1 Returned 304 in 6 ms
 HTTP  4/5/2026 6:26:33 PM ::1 GET /js/supabase-config.js?v=neo-99-RECOVERY14
 HTTP  4/5/2026 6:26:33 PM ::1 Returned 304 in 9 ms
 HTTP  4/5/2026 6:26:33 PM ::1 Returned 304 in 9 ms
 HTTP  4/5/2026 6:26:33 PM ::1 GET /js/store.js?v=NEO_SAFE_PHASE28
 HTTP  4/5/2026 6:26:33 PM ::1 GET /js/doc-engine.js?v=NEO_SAFE_PHASE28
 HTTP  4/5/2026 6:26:33 PM ::1 GET /js/i18n.js?v=NEO_SAFE_PHASE28
 HTTP  4/5/2026 6:26:33 PM ::1 Returned 304 in 9 ms
 HTTP  4/5/2026 6:26:33 PM ::1 Returned 304 in 5 ms
 HTTP  4/5/2026 6:26:33 PM ::1 Returned 304 in 6 ms
 HTTP  4/5/2026 6:26:33 PM ::1 GET /pages/chat.js?v=NEO_SAFE_PHASE28
 HTTP  4/5/2026 6:26:33 PM ::1 GET /js/app.js?v=NEO_SAFE_PHASE28
 HTTP  4/5/2026 6:26:33 PM ::1 Returned 304 in 14 ms
 HTTP  4/5/2026 6:26:33 PM ::1 GET /.well-known/appspecific/com.chrome.devtools.json
 HTTP  4/5/2026 6:26:33 PM ::1 Returned 304 in 8 ms
 HTTP  4/5/2026 6:26:33 PM ::1 Returned 200 in 20 ms
 HTTP  4/5/2026 6:26:33 PM ::1 Returned 200 in 21 ms
 HTTP  4/5/2026 6:26:33 PM ::1 GET /js/StaticLexicon.js?v=2.6.5
 HTTP  4/5/2026 6:26:33 PM ::1 Returned 304 in 1 ms
 HTTP  4/5/2026 6:26:33 PM ::1 GET /js/industries.js?v=2.6.5
 HTTP  4/5/2026 6:26:33 PM ::1 Returned 304 in 5 ms
 HTTP  4/5/2026 6:26:33 PM ::1 GET /js/GoldenKnowledge.js
 HTTP  4/5/2026 6:26:33 PM ::1 Returned 304 in 4 ms
 HTTP  4/5/2026 6:26:33 PM ::1 GET /pages/parseInputToData.js?v=20260321-1
 HTTP  4/5/2026 6:26:33 PM ::1 GET /lib/components.js
 HTTP  4/5/2026 6:26:33 PM ::1 GET /pages/home.js?v=20260321-12
 HTTP  4/5/2026 6:26:33 PM ::1 GET /lib/cloud/googleDrive.js
 HTTP  4/5/2026 6:26:33 PM ::1 Returned 304 in 110 ms
 HTTP  4/5/2026 6:26:33 PM ::1 Returned 304 in 4 ms
 HTTP  4/5/2026 6:26:33 PM ::1 Returned 304 in 9 ms
 HTTP  4/5/2026 6:26:33 PM ::1 Returned 304 in 11 ms
 HTTP  4/5/2026 6:26:34 PM ::1 GET /pages/setup.js
 HTTP  4/5/2026 6:26:34 PM ::1 GET /js/userProfile.js?v=20260321-13
 HTTP  4/5/2026 6:26:34 PM ::1 GET /lib/core/neoKnowledgeReset.js
 HTTP  4/5/2026 6:26:34 PM ::1 GET /lib/core/intentRouter.js
 HTTP  4/5/2026 6:26:34 PM ::1 GET /lib/supabase-knowledge-client.js
 HTTP  4/5/2026 6:26:34 PM ::1 GET /pages/document-manager.js
 HTTP  4/5/2026 6:26:34 PM ::1 Returned 304 in 4 ms
 HTTP  4/5/2026 6:26:34 PM ::1 Returned 304 in 10 ms
 HTTP  4/5/2026 6:26:34 PM ::1 Returned 304 in 9 ms
 HTTP  4/5/2026 6:26:34 PM ::1 Returned 304 in 15 ms
 HTTP  4/5/2026 6:26:34 PM ::1 Returned 304 in 15 ms
 HTTP  4/5/2026 6:26:34 PM ::1 GET /lib/supabase-client.js
 HTTP  4/5/2026 6:26:34 PM ::1 GET /lib/export/pdfGenerator.js
 HTTP  4/5/2026 6:26:34 PM ::1 GET /lib/api/geminiClient.js
 HTTP  4/5/2026 6:26:34 PM ::1 Returned 304 in 5 ms
 HTTP  4/5/2026 6:26:34 PM ::1 Returned 304 in 5 ms
 HTTP  4/5/2026 6:26:34 PM ::1 Returned 304 in 7 ms
 HTTP  4/5/2026 6:26:34 PM ::1 Returned 200 in 28 ms
 HTTP  4/5/2026 6:26:34 PM ::1 GET /locales/ja.json
 HTTP  4/5/2026 6:26:34 PM ::1 Returned 304 in 4 ms
 HTTP  4/5/2026 6:26:34 PM ::1 GET /favicon.ico
 HTTP  4/5/2026 6:26:34 PM ::1 Returned 304 in 3 ms
 HTTP  4/5/2026 6:26:35 PM ::1 GET /views/home.html?v=1775381195364
 HTTP  4/5/2026 6:26:35 PM ::1 Returned 200 in 2 ms
 HTTP  4/5/2026 6:26:35 PM ::1 GET /img/neo_avatar.jpg
 HTTP  4/5/2026 6:26:35 PM ::1 GET /pages/home.js
 HTTP  4/5/2026 6:26:35 PM ::1 Returned 304 in 2 ms
 HTTP  4/5/2026 6:26:35 PM ::1 Returned 304 in 2 ms
 HTTP  4/5/2026 6:26:45 PM ::1 GET /views/project.html?v=1775381205280
 HTTP  4/5/2026 6:26:45 PM ::1 Returned 200 in 2 ms
 HTTP  4/5/2026 6:26:45 PM ::1 GET /pages/project.js
 HTTP  4/5/2026 6:26:45 PM ::1 Returned 304 in 1 ms
 HTTP  4/5/2026 6:27:17 PM ::1 GET /
 HTTP  4/5/2026 6:27:17 PM ::1 Returned 304 in 1 ms
 HTTP  4/5/2026 6:27:17 PM ::1 GET /css/index.css?v=20260321-13
 HTTP  4/5/2026 6:27:17 PM ::1 GET /css/layout.css?v=20260321-13
 HTTP  4/5/2026 6:27:17 PM ::1 Returned 304 in 7 ms
 HTTP  4/5/2026 6:27:17 PM ::1 Returned 304 in 9 ms
 HTTP  4/5/2026 6:27:17 PM ::1 GET /css/chat.css?v=20260322-1
 HTTP  4/5/2026 6:27:17 PM ::1 GET /css/desk.css?v=20260323-1
 HTTP  4/5/2026 6:27:17 PM ::1 GET /css/components.css?v=20260321-13
 HTTP  4/5/2026 6:27:17 PM ::1 GET /js/fastclick.min.js?v=FINAL_FORCE_RECOVERY_30
 HTTP  4/5/2026 6:27:17 PM ::1 Returned 304 in 12 ms
 HTTP  4/5/2026 6:27:17 PM ::1 Returned 304 in 12 ms
 HTTP  4/5/2026 6:27:17 PM ::1 Returned 304 in 14 ms
 HTTP  4/5/2026 6:27:17 PM ::1 GET /js/supabase-config.js?v=neo-99-RECOVERY14
 HTTP  4/5/2026 6:27:17 PM ::1 GET /lib/utils.js?v=NEO_SAFE_PHASE28
 HTTP  4/5/2026 6:27:17 PM ::1 Returned 304 in 10 ms
 HTTP  4/5/2026 6:27:17 PM ::1 Returned 304 in 3 ms
 HTTP  4/5/2026 6:27:17 PM ::1 GET /lib/cloud/googleDrive.js?v=NEO_SAFE_PHASE28
 HTTP  4/5/2026 6:27:17 PM ::1 GET /js/store.js?v=NEO_SAFE_PHASE28
 HTTP  4/5/2026 6:27:17 PM ::1 GET /js/gemini.js?v=NEO_SAFE_PHASE28
 HTTP  4/5/2026 6:27:17 PM ::1 Returned 304 in 4 ms
 HTTP  4/5/2026 6:27:17 PM ::1 Returned 304 in 4 ms
 HTTP  4/5/2026 6:27:17 PM ::1 Returned 304 in 5 ms
 HTTP  4/5/2026 6:27:17 PM ::1 Returned 304 in 6 ms
 HTTP  4/5/2026 6:27:17 PM ::1 GET /js/neo-brain.js?v=NEO_SAFE_PHASE28
 HTTP  4/5/2026 6:27:17 PM ::1 GET /js/doc-engine.js?v=NEO_SAFE_PHASE28
 HTTP  4/5/2026 6:27:17 PM ::1 Returned 304 in 2 ms
 HTTP  4/5/2026 6:27:17 PM ::1 Returned 304 in 1 ms
 HTTP  4/5/2026 6:27:17 PM ::1 GET /js/i18n.js?v=NEO_SAFE_PHASE28
 HTTP  4/5/2026 6:27:17 PM ::1 GET /js/app.js?v=NEO_SAFE_PHASE28
 HTTP  4/5/2026 6:27:17 PM ::1 GET /pages/chat.js?v=NEO_SAFE_PHASE28
 HTTP  4/5/2026 6:27:17 PM ::1 GET /.well-known/appspecific/com.chrome.devtools.json
 HTTP  4/5/2026 6:27:17 PM ::1 Returned 304 in 1 ms
 HTTP  4/5/2026 6:27:17 PM ::1 Returned 304 in 2 ms
 HTTP  4/5/2026 6:27:17 PM ::1 Returned 304 in 2 ms
 HTTP  4/5/2026 6:27:17 PM ::1 Returned 304 in 7 ms
 HTTP  4/5/2026 6:27:17 PM ::1 GET /js/StaticLexicon.js?v=2.6.5
 HTTP  4/5/2026 6:27:17 PM ::1 Returned 304 in 1 ms
 HTTP  4/5/2026 6:27:17 PM ::1 GET /js/industries.js?v=2.6.5
 HTTP  4/5/2026 6:27:17 PM ::1 Returned 304 in 2 ms
 HTTP  4/5/2026 6:27:17 PM ::1 GET /js/GoldenKnowledge.js
 HTTP  4/5/2026 6:27:17 PM ::1 Returned 304 in 1 ms
 HTTP  4/5/2026 6:27:17 PM ::1 GET /pages/parseInputToData.js?v=20260321-1
 HTTP  4/5/2026 6:27:17 PM ::1 Returned 304 in 7 ms
 HTTP  4/5/2026 6:27:17 PM ::1 GET /lib/components.js
 HTTP  4/5/2026 6:27:17 PM ::1 Returned 304 in 2 ms
 HTTP  4/5/2026 6:27:17 PM ::1 GET /pages/setup.js
 HTTP  4/5/2026 6:27:17 PM ::1 GET /pages/document-manager.js
 HTTP  4/5/2026 6:27:17 PM ::1 Returned 304 in 3 ms
 HTTP  4/5/2026 6:27:17 PM ::1 GET /pages/home.js?v=20260321-12
 HTTP  4/5/2026 6:27:17 PM ::1 Returned 304 in 4 ms
 HTTP  4/5/2026 6:27:17 PM ::1 GET /lib/cloud/googleDrive.js
 HTTP  4/5/2026 6:27:17 PM ::1 Returned 304 in 6 ms
 HTTP  4/5/2026 6:27:17 PM ::1 Returned 304 in 7 ms
 HTTP  4/5/2026 6:27:17 PM ::1 GET /js/userProfile.js?v=20260321-13
 HTTP  4/5/2026 6:27:17 PM ::1 GET /lib/core/neoKnowledgeReset.js
 HTTP  4/5/2026 6:27:17 PM ::1 GET /lib/supabase-knowledge-client.js
 HTTP  4/5/2026 6:27:17 PM ::1 GET /lib/supabase-client.js
 HTTP  4/5/2026 6:27:17 PM ::1 GET /lib/core/intentRouter.js
 HTTP  4/5/2026 6:27:17 PM ::1 Returned 304 in 15 ms
 HTTP  4/5/2026 6:27:17 PM ::1 Returned 304 in 13 ms
 HTTP  4/5/2026 6:27:17 PM ::1 Returned 304 in 9 ms
 HTTP  4/5/2026 6:27:17 PM ::1 Returned 304 in 8 ms
 HTTP  4/5/2026 6:27:17 PM ::1 GET /lib/export/pdfGenerator.js
 HTTP  4/5/2026 6:27:17 PM ::1 Returned 304 in 11 ms
 HTTP  4/5/2026 6:27:17 PM ::1 Returned 304 in 3 ms
 HTTP  4/5/2026 6:27:17 PM ::1 GET /lib/api/geminiClient.js
 HTTP  4/5/2026 6:27:17 PM ::1 Returned 304 in 1 ms
 HTTP  4/5/2026 6:27:17 PM ::1 GET /locales/ja.json
 HTTP  4/5/2026 6:27:17 PM ::1 GET /favicon.ico
 HTTP  4/5/2026 6:27:17 PM ::1 Returned 304 in 9 ms
 HTTP  4/5/2026 6:27:17 PM ::1 Returned 304 in 41 ms
 HTTP  4/5/2026 6:27:19 PM ::1 GET /views/home.html?v=1775381239014
 HTTP  4/5/2026 6:27:19 PM ::1 Returned 200 in 1 ms
 HTTP  4/5/2026 6:27:19 PM ::1 GET /img/neo_avatar.jpg
 HTTP  4/5/2026 6:27:19 PM ::1 GET /pages/home.js
 HTTP  4/5/2026 6:27:19 PM ::1 Returned 304 in 2 ms
 HTTP  4/5/2026 6:27:19 PM ::1 Returned 304 in 2 ms
 HTTP  4/5/2026 6:27:22 PM ::1 GET /views/wallet.html?v=1775381242496
 HTTP  4/5/2026 6:27:22 PM ::1 Returned 200 in 1 ms
 HTTP  4/5/2026 6:27:22 PM ::1 GET /pages/wallet-render.js
 HTTP  4/5/2026 6:27:22 PM ::1 Returned 304 in 1 ms
 HTTP  4/5/2026 6:27:24 PM ::1 GET /views/account.html?v=1775381244229
 HTTP  4/5/2026 6:27:24 PM ::1 Returned 200 in 1 ms
 HTTP  4/5/2026 6:27:24 PM ::1 GET /pages/account-settings.js
 HTTP  4/5/2026 6:27:24 PM ::1 Returned 304 in 1 ms
 HTTP  4/5/2026 6:27:40 PM ::1 GET /views/home.html?v=1775381260113
 HTTP  4/5/2026 6:27:40 PM ::1 Returned 200 in 1 ms
 HTTP  4/5/2026 6:27:42 PM ::1 GET /
 HTTP  4/5/2026 6:27:42 PM ::1 Returned 304 in 1 ms
 HTTP  4/5/2026 6:27:42 PM ::1 GET /css/index.css?v=20260321-13
 HTTP  4/5/2026 6:27:42 PM ::1 GET /.well-known/appspecific/com.chrome.devtools.json
 HTTP  4/5/2026 6:27:42 PM ::1 Returned 304 in 2 ms
 HTTP  4/5/2026 6:27:42 PM ::1 Returned 304 in 7 ms
 HTTP  4/5/2026 6:27:42 PM ::1 GET /css/layout.css?v=20260321-13
 HTTP  4/5/2026 6:27:42 PM ::1 GET /css/desk.css?v=20260323-1
 HTTP  4/5/2026 6:27:42 PM ::1 Returned 304 in 4 ms
 HTTP  4/5/2026 6:27:42 PM ::1 Returned 304 in 4 ms
 HTTP  4/5/2026 6:27:42 PM ::1 GET /css/chat.css?v=20260322-1
 HTTP  4/5/2026 6:27:42 PM ::1 Returned 304 in 2 ms
 HTTP  4/5/2026 6:27:42 PM ::1 GET /lib/cloud/googleDrive.js?v=NEO_SAFE_PHASE28
 HTTP  4/5/2026 6:27:42 PM ::1 GET /js/store.js?v=NEO_SAFE_PHASE28
 HTTP  4/5/2026 6:27:42 PM ::1 GET /js/supabase-config.js?v=neo-99-RECOVERY14
 HTTP  4/5/2026 6:27:42 PM ::1 Returned 304 in 6 ms
 HTTP  4/5/2026 6:27:42 PM ::1 Returned 304 in 5 ms
 HTTP  4/5/2026 6:27:42 PM ::1 Returned 304 in 4 ms
 HTTP  4/5/2026 6:27:42 PM ::1 GET /js/gemini.js?v=NEO_SAFE_PHASE28
 HTTP  4/5/2026 6:27:42 PM ::1 GET /css/components.css?v=20260321-13
 HTTP  4/5/2026 6:27:42 PM ::1 Returned 304 in 4 ms
 HTTP  4/5/2026 6:27:42 PM ::1 GET /js/neo-brain.js?v=NEO_SAFE_PHASE28
 HTTP  4/5/2026 6:27:42 PM ::1 GET /js/doc-engine.js?v=NEO_SAFE_PHASE28
 HTTP  4/5/2026 6:27:42 PM ::1 GET /js/i18n.js?v=NEO_SAFE_PHASE28
 HTTP  4/5/2026 6:27:42 PM ::1 GET /js/fastclick.min.js?v=FINAL_FORCE_RECOVERY_30
 HTTP  4/5/2026 6:27:42 PM ::1 Returned 304 in 2 ms
 HTTP  4/5/2026 6:27:42 PM ::1 Returned 304 in 1 ms
 HTTP  4/5/2026 6:27:42 PM ::1 Returned 304 in 1 ms
 HTTP  4/5/2026 6:27:42 PM ::1 Returned 304 in 2 ms
 HTTP  4/5/2026 6:27:42 PM ::1 GET /js/app.js?v=NEO_SAFE_PHASE28
 HTTP  4/5/2026 6:27:42 PM ::1 Returned 304 in 2 ms
 HTTP  4/5/2026 6:27:42 PM ::1 GET /lib/utils.js?v=NEO_SAFE_PHASE28
 HTTP  4/5/2026 6:27:42 PM ::1 GET /pages/chat.js?v=NEO_SAFE_PHASE28
 HTTP  4/5/2026 6:27:42 PM ::1 Returned 304 in 1 ms
 HTTP  4/5/2026 6:27:42 PM ::1 Returned 304 in 3 ms
 HTTP  4/5/2026 6:27:42 PM ::1 Returned 304 in 3 ms
 HTTP  4/5/2026 6:27:42 PM ::1 GET /js/StaticLexicon.js?v=2.6.5
 HTTP  4/5/2026 6:27:42 PM ::1 Returned 304 in 1 ms
 HTTP  4/5/2026 6:27:42 PM ::1 GET /js/industries.js?v=2.6.5
 HTTP  4/5/2026 6:27:42 PM ::1 Returned 304 in 1 ms
 HTTP  4/5/2026 6:27:42 PM ::1 GET /js/GoldenKnowledge.js
 HTTP  4/5/2026 6:27:42 PM ::1 GET /pages/parseInputToData.js?v=20260321-1
 HTTP  4/5/2026 6:27:42 PM ::1 Returned 304 in 11 ms
 HTTP  4/5/2026 6:27:42 PM ::1 Returned 304 in 1 ms
 HTTP  4/5/2026 6:27:42 PM ::1 GET /lib/components.js
 HTTP  4/5/2026 6:27:42 PM ::1 GET /pages/home.js?v=20260321-12
 HTTP  4/5/2026 6:27:42 PM ::1 GET /pages/setup.js
 HTTP  4/5/2026 6:27:42 PM ::1 GET /pages/document-manager.js
 HTTP  4/5/2026 6:27:42 PM ::1 GET /lib/cloud/googleDrive.js
 HTTP  4/5/2026 6:27:42 PM ::1 GET /js/userProfile.js?v=20260321-13
 HTTP  4/5/2026 6:27:42 PM ::1 Returned 304 in 5 ms
 HTTP  4/5/2026 6:27:42 PM ::1 Returned 304 in 2 ms
 HTTP  4/5/2026 6:27:42 PM ::1 Returned 304 in 3 ms
 HTTP  4/5/2026 6:27:42 PM ::1 Returned 304 in 2 ms
 HTTP  4/5/2026 6:27:42 PM ::1 Returned 304 in 2 ms
 HTTP  4/5/2026 6:27:42 PM ::1 Returned 304 in 4 ms
 HTTP  4/5/2026 6:27:42 PM ::1 GET /lib/supabase-knowledge-client.js
 HTTP  4/5/2026 6:27:42 PM ::1 GET /lib/core/neoKnowledgeReset.js
 HTTP  4/5/2026 6:27:42 PM ::1 GET /lib/supabase-client.js
 HTTP  4/5/2026 6:27:42 PM ::1 GET /lib/core/intentRouter.js
 HTTP  4/5/2026 6:27:42 PM ::1 GET /lib/export/pdfGenerator.js
 HTTP  4/5/2026 6:27:42 PM ::1 GET /lib/api/geminiClient.js
 HTTP  4/5/2026 6:27:42 PM ::1 Returned 304 in 3 ms
 HTTP  4/5/2026 6:27:42 PM ::1 Returned 304 in 1 ms
 HTTP  4/5/2026 6:27:42 PM ::1 Returned 304 in 2 ms
 HTTP  4/5/2026 6:27:42 PM ::1 Returned 304 in 2 ms
 HTTP  4/5/2026 6:27:42 PM ::1 Returned 304 in 3 ms
 HTTP  4/5/2026 6:27:42 PM ::1 Returned 304 in 5 ms
 HTTP  4/5/2026 6:27:42 PM ::1 GET /locales/ja.json
 HTTP  4/5/2026 6:27:42 PM ::1 GET /favicon.ico
 HTTP  4/5/2026 6:27:42 PM ::1 Returned 304 in 2 ms
 HTTP  4/5/2026 6:27:42 PM ::1 Returned 304 in 20 ms
 HTTP  4/5/2026 6:27:42 PM ::1 GET /
 HTTP  4/5/2026 6:27:42 PM ::1 Returned 304 in 3 ms
 HTTP  4/5/2026 6:27:42 PM ::1 GET /css/index.css?v=20260321-13
 HTTP  4/5/2026 6:27:42 PM ::1 GET /css/layout.css?v=20260321-13
 HTTP  4/5/2026 6:27:42 PM ::1 GET /css/chat.css?v=20260322-1
 HTTP  4/5/2026 6:27:42 PM ::1 GET /css/desk.css?v=20260323-1
 HTTP  4/5/2026 6:27:42 PM ::1 GET /css/components.css?v=20260321-13
 HTTP  4/5/2026 6:27:42 PM ::1 GET /js/supabase-config.js?v=neo-99-RECOVERY14
 HTTP  4/5/2026 6:27:42 PM ::1 Returned 304 in 6 ms
 HTTP  4/5/2026 6:27:42 PM ::1 Returned 304 in 7 ms
 HTTP  4/5/2026 6:27:42 PM ::1 Returned 304 in 7 ms
 HTTP  4/5/2026 6:27:42 PM ::1 Returned 304 in 16 ms
 HTTP  4/5/2026 6:27:42 PM ::1 Returned 304 in 20 ms
 HTTP  4/5/2026 6:27:42 PM ::1 Returned 304 in 23 ms
 HTTP  4/5/2026 6:27:42 PM ::1 GET /js/fastclick.min.js?v=FINAL_FORCE_RECOVERY_30
 HTTP  4/5/2026 6:27:42 PM ::1 GET /lib/utils.js?v=NEO_SAFE_PHASE28
 HTTP  4/5/2026 6:27:42 PM ::1 GET /js/store.js?v=NEO_SAFE_PHASE28
 HTTP  4/5/2026 6:27:42 PM ::1 GET /lib/cloud/googleDrive.js?v=NEO_SAFE_PHASE28
 HTTP  4/5/2026 6:27:42 PM ::1 GET /js/neo-brain.js?v=NEO_SAFE_PHASE28
 HTTP  4/5/2026 6:27:42 PM ::1 Returned 304 in 10 ms
 HTTP  4/5/2026 6:27:42 PM ::1 Returned 304 in 9 ms
 HTTP  4/5/2026 6:27:42 PM ::1 Returned 304 in 10 ms
 HTTP  4/5/2026 6:27:42 PM ::1 Returned 304 in 12 ms
 HTTP  4/5/2026 6:27:42 PM ::1 GET /js/gemini.js?v=NEO_SAFE_PHASE28
 HTTP  4/5/2026 6:27:42 PM ::1 Returned 304 in 12 ms
 HTTP  4/5/2026 6:27:42 PM ::1 GET /js/doc-engine.js?v=NEO_SAFE_PHASE28
 HTTP  4/5/2026 6:27:42 PM ::1 GET /js/i18n.js?v=NEO_SAFE_PHASE28
 HTTP  4/5/2026 6:27:42 PM ::1 GET /js/app.js?v=NEO_SAFE_PHASE28
 HTTP  4/5/2026 6:27:42 PM ::1 GET /pages/chat.js?v=NEO_SAFE_PHASE28
 HTTP  4/5/2026 6:27:42 PM ::1 Returned 304 in 9 ms
 HTTP  4/5/2026 6:27:42 PM ::1 Returned 304 in 5 ms
 HTTP  4/5/2026 6:27:42 PM ::1 Returned 304 in 3 ms
 HTTP  4/5/2026 6:27:42 PM ::1 Returned 304 in 4 ms
 HTTP  4/5/2026 6:27:42 PM ::1 GET /.well-known/appspecific/com.chrome.devtools.json
 HTTP  4/5/2026 6:27:42 PM ::1 Returned 304 in 7 ms
 HTTP  4/5/2026 6:27:42 PM ::1 Returned 304 in 4 ms
 HTTP  4/5/2026 6:27:42 PM ::1 GET /js/StaticLexicon.js?v=2.6.5
 HTTP  4/5/2026 6:27:42 PM ::1 GET /js/industries.js?v=2.6.5
 HTTP  4/5/2026 6:27:42 PM ::1 GET /js/GoldenKnowledge.js
 HTTP  4/5/2026 6:27:42 PM ::1 Returned 304 in 4 ms
 HTTP  4/5/2026 6:27:42 PM ::1 Returned 304 in 3 ms
 HTTP  4/5/2026 6:27:42 PM ::1 GET /pages/parseInputToData.js?v=20260321-1
 HTTP  4/5/2026 6:27:42 PM ::1 Returned 304 in 2 ms
 HTTP  4/5/2026 6:27:42 PM ::1 Returned 304 in 3 ms
 HTTP  4/5/2026 6:27:42 PM ::1 GET /lib/components.js
 HTTP  4/5/2026 6:27:42 PM ::1 GET /lib/cloud/googleDrive.js
 HTTP  4/5/2026 6:27:42 PM ::1 GET /pages/document-manager.js
 HTTP  4/5/2026 6:27:42 PM ::1 GET /js/userProfile.js?v=20260321-13
 HTTP  4/5/2026 6:27:42 PM ::1 GET /pages/home.js?v=20260321-12
 HTTP  4/5/2026 6:27:42 PM ::1 GET /pages/setup.js
 HTTP  4/5/2026 6:27:42 PM ::1 Returned 304 in 10 ms
 HTTP  4/5/2026 6:27:42 PM ::1 Returned 304 in 8 ms
 HTTP  4/5/2026 6:27:42 PM ::1 Returned 304 in 7 ms
 HTTP  4/5/2026 6:27:42 PM ::1 Returned 304 in 16 ms
 HTTP  4/5/2026 6:27:42 PM ::1 Returned 304 in 15 ms
 HTTP  4/5/2026 6:27:42 PM ::1 Returned 304 in 14 ms
 HTTP  4/5/2026 6:27:42 PM ::1 GET /lib/core/neoKnowledgeReset.js
 HTTP  4/5/2026 6:27:42 PM ::1 GET /lib/supabase-knowledge-client.js
 HTTP  4/5/2026 6:27:42 PM ::1 GET /lib/supabase-client.js
 HTTP  4/5/2026 6:27:42 PM ::1 GET /lib/core/intentRouter.js
 HTTP  4/5/2026 6:27:42 PM ::1 Returned 304 in 1 ms
 HTTP  4/5/2026 6:27:42 PM ::1 Returned 304 in 1 ms
 HTTP  4/5/2026 6:27:42 PM ::1 Returned 304 in 1 ms
 HTTP  4/5/2026 6:27:42 PM ::1 GET /lib/export/pdfGenerator.js
 HTTP  4/5/2026 6:27:42 PM ::1 GET /lib/api/geminiClient.js
 HTTP  4/5/2026 6:27:42 PM ::1 Returned 304 in 2 ms
 HTTP  4/5/2026 6:27:42 PM ::1 Returned 304 in 2 ms
 HTTP  4/5/2026 6:27:42 PM ::1 Returned 304 in 3 ms
 HTTP  4/5/2026 6:27:42 PM ::1 GET /locales/ja.json
 HTTP  4/5/2026 6:27:42 PM ::1 GET /favicon.ico
 HTTP  4/5/2026 6:27:42 PM ::1 Returned 304 in 3 ms
 HTTP  4/5/2026 6:27:42 PM ::1 Returned 304 in 8 ms
 HTTP  4/5/2026 6:27:45 PM ::1 GET /
 HTTP  4/5/2026 6:27:45 PM ::1 Returned 200 in 1 ms
 HTTP  4/5/2026 6:27:45 PM ::1 GET /.well-known/appspecific/com.chrome.devtools.json
 HTTP  4/5/2026 6:27:45 PM ::1 Returned 304 in 2 ms
 HTTP  4/5/2026 6:27:45 PM ::1 GET /css/index.css?v=20260321-13
 HTTP  4/5/2026 6:27:45 PM ::1 GET /css/layout.css?v=20260321-13
 HTTP  4/5/2026 6:27:45 PM ::1 GET /css/chat.css?v=20260322-1
 HTTP  4/5/2026 6:27:45 PM ::1 Returned 200 in 9 ms
 HTTP  4/5/2026 6:27:45 PM ::1 Returned 200 in 7 ms
 HTTP  4/5/2026 6:27:45 PM ::1 Returned 200 in 6 ms
 HTTP  4/5/2026 6:27:45 PM ::1 GET /css/desk.css?v=20260323-1
 HTTP  4/5/2026 6:27:45 PM ::1 GET /js/supabase-config.js?v=neo-99-RECOVERY14
 HTTP  4/5/2026 6:27:45 PM ::1 GET /css/components.css?v=20260321-13
 HTTP  4/5/2026 6:27:45 PM ::1 Returned 200 in 0 ms
 HTTP  4/5/2026 6:27:45 PM ::1 Returned 200 in 1 ms
 HTTP  4/5/2026 6:27:45 PM ::1 Returned 200 in 1 ms
 HTTP  4/5/2026 6:27:45 PM ::1 GET /lib/utils.js?v=NEO_SAFE_PHASE28
 HTTP  4/5/2026 6:27:45 PM ::1 GET /lib/cloud/googleDrive.js?v=NEO_SAFE_PHASE28
 HTTP  4/5/2026 6:27:45 PM ::1 Returned 200 in 8 ms
 HTTP  4/5/2026 6:27:45 PM ::1 GET /js/gemini.js?v=NEO_SAFE_PHASE28
 HTTP  4/5/2026 6:27:45 PM ::1 GET /js/neo-brain.js?v=NEO_SAFE_PHASE28
 HTTP  4/5/2026 6:27:45 PM ::1 Returned 200 in 15 ms
 HTTP  4/5/2026 6:27:45 PM ::1 Returned 200 in 5 ms
 HTTP  4/5/2026 6:27:45 PM ::1 GET /js/fastclick.min.js?v=FINAL_FORCE_RECOVERY_30
 HTTP  4/5/2026 6:27:45 PM ::1 GET /js/store.js?v=NEO_SAFE_PHASE28
 HTTP  4/5/2026 6:27:45 PM ::1 Returned 200 in 1 ms
 HTTP  4/5/2026 6:27:45 PM ::1 Returned 200 in 1 ms
 HTTP  4/5/2026 6:27:45 PM ::1 Returned 200 in 1 ms
 HTTP  4/5/2026 6:27:45 PM ::1 GET /js/doc-engine.js?v=NEO_SAFE_PHASE28
 HTTP  4/5/2026 6:27:45 PM ::1 GET /js/i18n.js?v=NEO_SAFE_PHASE28
 HTTP  4/5/2026 6:27:45 PM ::1 Returned 200 in 3 ms
 HTTP  4/5/2026 6:27:45 PM ::1 GET /js/app.js?v=NEO_SAFE_PHASE28
 HTTP  4/5/2026 6:27:45 PM ::1 GET /pages/chat.js?v=NEO_SAFE_PHASE28
 HTTP  4/5/2026 6:27:45 PM ::1 Returned 200 in 7 ms
 HTTP  4/5/2026 6:27:45 PM ::1 Returned 200 in 2 ms
 HTTP  4/5/2026 6:27:45 PM ::1 Returned 200 in 3 ms
 HTTP  4/5/2026 6:27:45 PM ::1 GET /
 HTTP  4/5/2026 6:27:45 PM ::1 Returned 200 in 8 ms
 HTTP  4/5/2026 6:27:45 PM ::1 GET /.well-known/appspecific/com.chrome.devtools.json
 HTTP  4/5/2026 6:27:45 PM ::1 Returned 304 in 1 ms
 HTTP  4/5/2026 6:27:45 PM ::1 GET /css/index.css?v=20260321-13
 HTTP  4/5/2026 6:27:45 PM ::1 GET /css/layout.css?v=20260321-13
 HTTP  4/5/2026 6:27:45 PM ::1 GET /css/chat.css?v=20260322-1
 HTTP  4/5/2026 6:27:45 PM ::1 GET /css/desk.css?v=20260323-1
 HTTP  4/5/2026 6:27:45 PM ::1 GET /css/components.css?v=20260321-13
 HTTP  4/5/2026 6:27:45 PM ::1 Returned 200 in 20 ms
 HTTP  4/5/2026 6:27:45 PM ::1 Returned 200 in 7 ms
 HTTP  4/5/2026 6:27:45 PM ::1 Returned 200 in 7 ms
 HTTP  4/5/2026 6:27:45 PM ::1 Returned 200 in 14 ms
 HTTP  4/5/2026 6:27:46 PM ::1 GET /js/supabase-config.js?v=neo-99-RECOVERY14
 HTTP  4/5/2026 6:27:45 PM ::1 Returned 200 in 9 ms
 HTTP  4/5/2026 6:27:46 PM ::1 Returned 200 in 2 ms
 HTTP  4/5/2026 6:27:46 PM ::1 GET /js/fastclick.min.js?v=FINAL_FORCE_RECOVERY_30
 HTTP  4/5/2026 6:27:46 PM ::1 Returned 200 in 6 ms
 HTTP  4/5/2026 6:27:46 PM ::1 GET /lib/utils.js?v=NEO_SAFE_PHASE28
 HTTP  4/5/2026 6:27:46 PM ::1 GET /lib/cloud/googleDrive.js?v=NEO_SAFE_PHASE28
 HTTP  4/5/2026 6:27:46 PM ::1 GET /js/store.js?v=NEO_SAFE_PHASE28
 HTTP  4/5/2026 6:27:46 PM ::1 GET /js/gemini.js?v=NEO_SAFE_PHASE28
 HTTP  4/5/2026 6:27:46 PM ::1 GET /js/neo-brain.js?v=NEO_SAFE_PHASE28
 HTTP  4/5/2026 6:27:46 PM ::1 Returned 200 in 27 ms
 HTTP  4/5/2026 6:27:46 PM ::1 Returned 200 in 24 ms
 HTTP  4/5/2026 6:27:46 PM ::1 Returned 200 in 7 ms
 HTTP  4/5/2026 6:27:46 PM ::1 Returned 200 in 1 ms
 HTTP  4/5/2026 6:27:46 PM ::1 GET /js/doc-engine.js?v=NEO_SAFE_PHASE28
 HTTP  4/5/2026 6:27:46 PM ::1 Returned 200 in 3 ms
 HTTP  4/5/2026 6:27:46 PM ::1 Returned 200 in 2 ms
 HTTP  4/5/2026 6:27:46 PM ::1 GET /
 HTTP  4/5/2026 6:27:46 PM ::1 GET /js/i18n.js?v=NEO_SAFE_PHASE28
 HTTP  4/5/2026 6:27:46 PM ::1 GET /js/app.js?v=NEO_SAFE_PHASE28
 HTTP  4/5/2026 6:27:46 PM ::1 GET /pages/chat.js?v=NEO_SAFE_PHASE28
 HTTP  4/5/2026 6:27:46 PM ::1 Returned 200 in 7 ms
 HTTP  4/5/2026 6:27:46 PM ::1 Returned 200 in 3 ms
 HTTP  4/5/2026 6:27:46 PM ::1 Returned 200 in 3 ms
 HTTP  4/5/2026 6:27:46 PM ::1 Returned 200 in 4 ms
 HTTP  4/5/2026 6:27:46 PM ::1 GET /.well-known/appspecific/com.chrome.devtools.json
 HTTP  4/5/2026 6:27:46 PM ::1 GET /css/index.css?v=20260321-13
 HTTP  4/5/2026 6:27:46 PM ::1 GET /css/layout.css?v=20260321-13
 HTTP  4/5/2026 6:27:46 PM ::1 GET /css/chat.css?v=20260322-1
 HTTP  4/5/2026 6:27:46 PM ::1 Returned 200 in 10 ms
 HTTP  4/5/2026 6:27:46 PM ::1 Returned 200 in 2 ms
 HTTP  4/5/2026 6:27:46 PM ::1 GET /css/desk.css?v=20260323-1
 HTTP  4/5/2026 6:27:46 PM ::1 GET /css/components.css?v=20260321-13
 HTTP  4/5/2026 6:27:46 PM ::1 Returned 200 in 1 ms
 HTTP  4/5/2026 6:27:46 PM ::1 Returned 304 in 15 ms
 HTTP  4/5/2026 6:27:46 PM ::1 Returned 200 in 1 ms
 HTTP  4/5/2026 6:27:46 PM ::1 Returned 200 in 1 ms
 HTTP  4/5/2026 6:27:46 PM ::1 GET /js/supabase-config.js?v=neo-99-RECOVERY14
 HTTP  4/5/2026 6:27:46 PM ::1 Returned 200 in 0 ms
 HTTP  4/5/2026 6:27:46 PM ::1 GET /js/fastclick.min.js?v=FINAL_FORCE_RECOVERY_30
 HTTP  4/5/2026 6:27:46 PM ::1 GET /js/store.js?v=NEO_SAFE_PHASE28
 HTTP  4/5/2026 6:27:46 PM ::1 Returned 200 in 14 ms
 HTTP  4/5/2026 6:27:46 PM ::1 GET /lib/utils.js?v=NEO_SAFE_PHASE28
 HTTP  4/5/2026 6:27:46 PM ::1 GET /js/gemini.js?v=NEO_SAFE_PHASE28
 HTTP  4/5/2026 6:27:46 PM ::1 Returned 200 in 17 ms
 HTTP  4/5/2026 6:27:46 PM ::1 Returned 200 in 9 ms
 HTTP  4/5/2026 6:27:46 PM ::1 Returned 200 in 75 ms
 HTTP  4/5/2026 6:27:46 PM ::1 GET /lib/cloud/googleDrive.js?v=NEO_SAFE_PHASE28
 HTTP  4/5/2026 6:27:46 PM ::1 GET /js/neo-brain.js?v=NEO_SAFE_PHASE28
 HTTP  4/5/2026 6:27:46 PM ::1 Returned 200 in 5 ms
 HTTP  4/5/2026 6:27:46 PM ::1 Returned 200 in 5 ms
 HTTP  4/5/2026 6:27:46 PM ::1 GET /js/doc-engine.js?v=NEO_SAFE_PHASE28
 HTTP  4/5/2026 6:27:46 PM ::1 GET /js/i18n.js?v=NEO_SAFE_PHASE28
 HTTP  4/5/2026 6:27:46 PM ::1 Returned 200 in 3 ms
 HTTP  4/5/2026 6:27:46 PM ::1 GET /js/app.js?v=NEO_SAFE_PHASE28
 HTTP  4/5/2026 6:27:46 PM ::1 Returned 200 in 2 ms
 HTTP  4/5/2026 6:27:46 PM ::1 Returned 200 in 3 ms
 HTTP  4/5/2026 6:27:46 PM ::1 GET /pages/chat.js?v=NEO_SAFE_PHASE28
 HTTP  4/5/2026 6:27:46 PM ::1 Returned 200 in 2 ms
 HTTP  4/5/2026 6:27:46 PM ::1 GET /js/StaticLexicon.js?v=2.6.5
 HTTP  4/5/2026 6:27:46 PM ::1 Returned 200 in 1 ms
 HTTP  4/5/2026 6:27:46 PM ::1 GET /js/industries.js?v=2.6.5
 HTTP  4/5/2026 6:27:46 PM ::1 Returned 200 in 1 ms
 HTTP  4/5/2026 6:27:46 PM ::1 GET /js/GoldenKnowledge.js
 HTTP  4/5/2026 6:27:46 PM ::1 GET /pages/parseInputToData.js?v=20260321-1
 HTTP  4/5/2026 6:27:46 PM ::1 Returned 200 in 1 ms
 HTTP  4/5/2026 6:27:46 PM ::1 Returned 200 in 1 ms
 HTTP  4/5/2026 6:27:46 PM ::1 GET /pages/home.js?v=20260321-12
 HTTP  4/5/2026 6:27:46 PM ::1 GET /pages/setup.js
 HTTP  4/5/2026 6:27:46 PM ::1 GET /lib/components.js
 HTTP  4/5/2026 6:27:46 PM ::1 GET /lib/cloud/googleDrive.js
 HTTP  4/5/2026 6:27:46 PM ::1 GET /pages/document-manager.js
 HTTP  4/5/2026 6:27:46 PM ::1 GET /lib/supabase-knowledge-client.js
 HTTP  4/5/2026 6:27:46 PM ::1 Returned 200 in 5 ms
 HTTP  4/5/2026 6:27:46 PM ::1 Returned 200 in 3 ms
 HTTP  4/5/2026 6:27:46 PM ::1 Returned 200 in 3 ms
 HTTP  4/5/2026 6:27:46 PM ::1 Returned 200 in 3 ms
 HTTP  4/5/2026 6:27:46 PM ::1 Returned 200 in 3 ms
 HTTP  4/5/2026 6:27:46 PM ::1 Returned 200 in 4 ms
 HTTP  4/5/2026 6:27:46 PM ::1 GET /js/userProfile.js?v=20260321-13
 HTTP  4/5/2026 6:27:46 PM ::1 GET /lib/core/neoKnowledgeReset.js
 HTTP  4/5/2026 6:27:46 PM ::1 GET /lib/supabase-client.js
 HTTP  4/5/2026 6:27:46 PM ::1 GET /lib/api/geminiClient.js
 HTTP  4/5/2026 6:27:46 PM ::1 GET /lib/core/intentRouter.js
 HTTP  4/5/2026 6:27:46 PM ::1 GET /lib/export/pdfGenerator.js
 HTTP  4/5/2026 6:27:46 PM ::1 Returned 200 in 4 ms
 HTTP  4/5/2026 6:27:46 PM ::1 Returned 200 in 2 ms
 HTTP  4/5/2026 6:27:46 PM ::1 Returned 200 in 2 ms
 HTTP  4/5/2026 6:27:46 PM ::1 Returned 200 in 1 ms
 HTTP  4/5/2026 6:27:46 PM ::1 Returned 200 in 2 ms
 HTTP  4/5/2026 6:27:46 PM ::1 Returned 200 in 3 ms
 HTTP  4/5/2026 6:27:46 PM ::1 GET /locales/ja.json
 HTTP  4/5/2026 6:27:46 PM ::1 GET /favicon.ico
 HTTP  4/5/2026 6:27:46 PM ::1 Returned 200 in 2 ms
 HTTP  4/5/2026 6:27:46 PM ::1 Returned 200 in 1 ms
 HTTP  4/5/2026 6:27:47 PM ::1 GET /views/home.html?v=1775381267998
 HTTP  4/5/2026 6:27:47 PM ::1 Returned 200 in 1 ms
 HTTP  4/5/2026 6:27:48 PM ::1 GET /pages/home.js
 HTTP  4/5/2026 6:27:48 PM ::1 GET /img/neo_avatar.jpg
 HTTP  4/5/2026 6:27:48 PM ::1 Returned 304 in 2 ms
 HTTP  4/5/2026 6:27:48 PM ::1 Returned 304 in 3 ms
 HTTP  4/5/2026 6:27:49 PM ::1 GET /views/wallet.html?v=1775381269164
 HTTP  4/5/2026 6:27:49 PM ::1 Returned 200 in 1 ms
 HTTP  4/5/2026 6:27:49 PM ::1 GET /pages/wallet-render.js
 HTTP  4/5/2026 6:27:49 PM ::1 Returned 304 in 2 ms
 HTTP  4/5/2026 6:27:51 PM ::1 GET /views/account.html?v=1775381271896
 HTTP  4/5/2026 6:27:51 PM ::1 Returned 200 in 2 ms
 HTTP  4/5/2026 6:27:51 PM ::1 GET /pages/account-settings.js
 HTTP  4/5/2026 6:27:51 PM ::1 Returned 304 in 1 ms
 HTTP  4/5/2026 6:27:55 PM ::1 GET /views/home.html?v=1775381275179
 HTTP  4/5/2026 6:27:55 PM ::1 Returned 200 in 1 ms
 HTTP  4/5/2026 6:27:55 PM ::1 GET /img/neo_avatar.jpg
 HTTP  4/5/2026 6:27:55 PM ::1 Returned 304 in 1 ms
 HTTP  4/5/2026 6:28:00 PM ::1 GET /views/project.html?v=1775381280563
 HTTP  4/5/2026 6:28:00 PM ::1 Returned 200 in 5 ms
 HTTP  4/5/2026 6:28:00 PM ::1 GET /pages/project.js
 HTTP  4/5/2026 6:28:00 PM ::1 Returned 304 in 0 ms
 HTTP  4/5/2026 6:31:00 PM ::1 GET /
 HTTP  4/5/2026 6:31:00 PM ::1 Returned 304 in 2 ms
 HTTP  4/5/2026 6:31:00 PM ::1 GET /css/index.css?v=20260321-13
 HTTP  4/5/2026 6:31:00 PM ::1 GET /css/layout.css?v=20260321-13
 HTTP  4/5/2026 6:31:00 PM ::1 Returned 304 in 9 ms
 HTTP  4/5/2026 6:31:00 PM ::1 Returned 304 in 5 ms
 HTTP  4/5/2026 6:31:00 PM ::1 GET /css/chat.css?v=20260322-1
 HTTP  4/5/2026 6:31:00 PM ::1 GET /css/desk.css?v=20260323-1
 HTTP  4/5/2026 6:31:00 PM ::1 GET /css/components.css?v=20260321-13
 HTTP  4/5/2026 6:31:00 PM ::1 GET /js/fastclick.min.js?v=FINAL_FORCE_RECOVERY_30
 HTTP  4/5/2026 6:31:00 PM ::1 Returned 304 in 15 ms
 HTTP  4/5/2026 6:31:00 PM ::1 Returned 304 in 11 ms
 HTTP  4/5/2026 6:31:00 PM ::1 Returned 304 in 11 ms
 HTTP  4/5/2026 6:31:00 PM ::1 GET /js/supabase-config.js?v=neo-99-RECOVERY14
 HTTP  4/5/2026 6:31:00 PM ::1 GET /lib/utils.js?v=NEO_SAFE_PHASE28
 HTTP  4/5/2026 6:31:00 PM ::1 Returned 304 in 25 ms
 HTTP  4/5/2026 6:31:00 PM ::1 Returned 304 in 16 ms
 HTTP  4/5/2026 6:31:00 PM ::1 GET /lib/cloud/googleDrive.js?v=NEO_SAFE_PHASE28
 HTTP  4/5/2026 6:31:00 PM ::1 GET /js/store.js?v=NEO_SAFE_PHASE28
 HTTP  4/5/2026 6:31:00 PM ::1 GET /js/gemini.js?v=NEO_SAFE_PHASE28
 HTTP  4/5/2026 6:31:00 PM ::1 Returned 304 in 18 ms
 HTTP  4/5/2026 6:31:00 PM ::1 Returned 304 in 5 ms
 HTTP  4/5/2026 6:31:00 PM ::1 Returned 304 in 1 ms
 HTTP  4/5/2026 6:31:00 PM ::1 GET /js/neo-brain.js?v=NEO_SAFE_PHASE28
 HTTP  4/5/2026 6:31:00 PM ::1 GET /js/doc-engine.js?v=NEO_SAFE_PHASE28
 HTTP  4/5/2026 6:31:00 PM ::1 Returned 304 in 4 ms
 HTTP  4/5/2026 6:31:00 PM ::1 Returned 304 in 1 ms
 HTTP  4/5/2026 6:31:00 PM ::1 Returned 304 in 2 ms
 HTTP  4/5/2026 6:31:00 PM ::1 GET /js/i18n.js?v=NEO_SAFE_PHASE28
 HTTP  4/5/2026 6:31:00 PM ::1 GET /js/app.js?v=NEO_SAFE_PHASE28
 HTTP  4/5/2026 6:31:00 PM ::1 GET /pages/chat.js?v=NEO_SAFE_PHASE28
 HTTP  4/5/2026 6:31:00 PM ::1 Returned 304 in 3 ms
 HTTP  4/5/2026 6:31:00 PM ::1 GET /.well-known/appspecific/com.chrome.devtools.json
 HTTP  4/5/2026 6:31:00 PM ::1 Returned 304 in 2 ms
 HTTP  4/5/2026 6:31:00 PM ::1 Returned 304 in 6 ms
 HTTP  4/5/2026 6:31:00 PM ::1 Returned 200 in 13 ms
 HTTP  4/5/2026 6:31:00 PM ::1 GET /js/StaticLexicon.js?v=2.6.5
 HTTP  4/5/2026 6:31:00 PM ::1 Returned 304 in 1 ms
 HTTP  4/5/2026 6:31:00 PM ::1 GET /js/industries.js?v=2.6.5
 HTTP  4/5/2026 6:31:00 PM ::1 Returned 304 in 1 ms
 HTTP  4/5/2026 6:31:00 PM ::1 GET /js/GoldenKnowledge.js
 HTTP  4/5/2026 6:31:00 PM ::1 Returned 304 in 2 ms
 HTTP  4/5/2026 6:31:00 PM ::1 GET /pages/parseInputToData.js?v=20260321-1
 HTTP  4/5/2026 6:31:00 PM ::1 Returned 304 in 1 ms
 HTTP  4/5/2026 6:31:01 PM ::1 GET /lib/components.js
 HTTP  4/5/2026 6:31:01 PM ::1 GET /lib/cloud/googleDrive.js
 HTTP  4/5/2026 6:31:01 PM ::1 GET /pages/home.js?v=20260321-12
 HTTP  4/5/2026 6:31:01 PM ::1 GET /pages/setup.js
 HTTP  4/5/2026 6:31:01 PM ::1 GET /pages/document-manager.js
 HTTP  4/5/2026 6:31:01 PM ::1 Returned 304 in 10 ms
 HTTP  4/5/2026 6:31:01 PM ::1 Returned 304 in 25 ms
 HTTP  4/5/2026 6:31:01 PM ::1 Returned 304 in 30 ms
 HTTP  4/5/2026 6:31:01 PM ::1 Returned 304 in 32 ms
 HTTP  4/5/2026 6:31:01 PM ::1 Returned 304 in 33 ms
 HTTP  4/5/2026 6:31:01 PM ::1 GET /lib/core/neoKnowledgeReset.js
 HTTP  4/5/2026 6:31:01 PM ::1 GET /lib/supabase-knowledge-client.js
 HTTP  4/5/2026 6:31:01 PM ::1 GET /js/userProfile.js?v=20260321-13
 HTTP  4/5/2026 6:31:01 PM ::1 GET /lib/supabase-client.js
 HTTP  4/5/2026 6:31:01 PM ::1 GET /lib/core/intentRouter.js
 HTTP  4/5/2026 6:31:01 PM ::1 GET /lib/export/pdfGenerator.js
 HTTP  4/5/2026 6:31:01 PM ::1 Returned 304 in 2 ms
 HTTP  4/5/2026 6:31:01 PM ::1 Returned 304 in 1 ms
 HTTP  4/5/2026 6:31:01 PM ::1 Returned 304 in 1 ms
 HTTP  4/5/2026 6:31:01 PM ::1 Returned 304 in 2 ms
 HTTP  4/5/2026 6:31:01 PM ::1 Returned 304 in 3 ms
 HTTP  4/5/2026 6:31:01 PM ::1 Returned 304 in 8 ms
 HTTP  4/5/2026 6:31:01 PM ::1 GET /lib/api/geminiClient.js
 HTTP  4/5/2026 6:31:01 PM ::1 Returned 304 in 6 ms
 HTTP  4/5/2026 6:31:01 PM ::1 GET /favicon.ico
 HTTP  4/5/2026 6:31:01 PM ::1 GET /locales/ja.json
 HTTP  4/5/2026 6:31:01 PM ::1 Returned 304 in 3 ms
 HTTP  4/5/2026 6:31:01 PM ::1 Returned 304 in 11 ms
 HTTP  4/5/2026 6:31:02 PM ::1 GET /views/home.html?v=1775381462567
 HTTP  4/5/2026 6:31:02 PM ::1 Returned 200 in 1 ms
 HTTP  4/5/2026 6:31:02 PM ::1 GET /img/neo_avatar.jpg
 HTTP  4/5/2026 6:31:02 PM ::1 GET /pages/home.js
 HTTP  4/5/2026 6:31:02 PM ::1 Returned 304 in 2 ms
 HTTP  4/5/2026 6:31:02 PM ::1 Returned 304 in 2 ms
 HTTP  4/5/2026 6:31:38 PM ::1 GET /views/project.html?v=1775381498522
 HTTP  4/5/2026 6:31:38 PM ::1 Returned 200 in 18 ms
 HTTP  4/5/2026 6:31:38 PM ::1 GET /pages/project.js
 HTTP  4/5/2026 6:31:38 PM ::1 Returned 304 in 2 ms
 HTTP  4/5/2026 6:31:43 PM ::1 GET /.well-known/appspecific/com.chrome.devtools.json
 HTTP  4/5/2026 6:31:43 PM ::1 GET /favicon.ico
 HTTP  4/5/2026 6:31:43 PM ::1 Returned 304 in 20 ms
 HTTP  4/5/2026 6:31:43 PM ::1 Returned 304 in 5 ms
 HTTP  4/5/2026 6:31:45 PM ::1 GET /pages/setup.js
 HTTP  4/5/2026 6:31:45 PM ::1 Returned 304 in 1 ms
 HTTP  4/5/2026 6:31:45 PM ::1 GET /.well-known/appspecific/com.chrome.devtools.json
 HTTP  4/5/2026 6:31:45 PM ::1 Returned 304 in 6 ms
 HTTP  4/5/2026 6:31:45 PM ::1 GET /favicon.ico
 HTTP  4/5/2026 6:31:45 PM ::1 Returned 304 in 1 ms
 HTTP  4/5/2026 6:31:46 PM ::1 GET /.well-known/appspecific/com.chrome.devtools.json
 HTTP  4/5/2026 6:31:46 PM ::1 Returned 304 in 1 ms
 HTTP  4/5/2026 6:31:46 PM ::1 GET /css/index.css?v=20260321-13
 HTTP  4/5/2026 6:31:46 PM ::1 GET /css/layout.css?v=20260321-13
 HTTP  4/5/2026 6:31:46 PM ::1 Returned 304 in 2 ms
 HTTP  4/5/2026 6:31:46 PM ::1 Returned 304 in 2 ms
 HTTP  4/5/2026 6:31:46 PM ::1 GET /css/chat.css?v=20260322-1
 HTTP  4/5/2026 6:31:46 PM ::1 GET /css/desk.css?v=20260323-1
 HTTP  4/5/2026 6:31:46 PM ::1 Returned 304 in 2 ms
 HTTP  4/5/2026 6:31:46 PM ::1 Returned 304 in 2 ms
 HTTP  4/5/2026 6:31:46 PM ::1 GET /css/components.css?v=20260321-13
 HTTP  4/5/2026 6:31:46 PM ::1 Returned 304 in 2 ms
 HTTP  4/5/2026 6:31:47 PM ::1 GET /.well-known/appspecific/com.chrome.devtools.json
 HTTP  4/5/2026 6:31:47 PM ::1 Returned 304 in 16 ms
 HTTP  4/5/2026 6:31:47 PM ::1 GET /
 HTTP  4/5/2026 6:31:47 PM ::1 Returned 304 in 1 ms
 HTTP  4/5/2026 6:31:47 PM ::1 GET /css/index.css?v=20260321-13
 HTTP  4/5/2026 6:31:47 PM ::1 Returned 304 in 2 ms
 HTTP  4/5/2026 6:31:47 PM ::1 GET /css/layout.css?v=20260321-13
 HTTP  4/5/2026 6:31:47 PM ::1 GET /css/chat.css?v=20260322-1
 HTTP  4/5/2026 6:31:47 PM ::1 GET /css/components.css?v=20260321-13
 HTTP  4/5/2026 6:31:47 PM ::1 GET /.well-known/appspecific/com.chrome.devtools.json
 HTTP  4/5/2026 6:31:47 PM ::1 Returned 304 in 15 ms
 HTTP  4/5/2026 6:31:47 PM ::1 Returned 304 in 21 ms
 HTTP  4/5/2026 6:31:47 PM ::1 Returned 304 in 21 ms
 HTTP  4/5/2026 6:31:47 PM ::1 GET /lib/cloud/googleDrive.js?v=NEO_SAFE_PHASE28
 HTTP  4/5/2026 6:31:47 PM ::1 Returned 304 in 26 ms
 HTTP  4/5/2026 6:31:47 PM ::1 Returned 304 in 4 ms
 HTTP  4/5/2026 6:31:47 PM ::1 GET /js/fastclick.min.js?v=FINAL_FORCE_RECOVERY_30
 HTTP  4/5/2026 6:31:47 PM ::1 GET /lib/utils.js?v=NEO_SAFE_PHASE28
 HTTP  4/5/2026 6:31:47 PM ::1 GET /css/desk.css?v=20260323-1
 HTTP  4/5/2026 6:31:47 PM ::1 GET /js/gemini.js?v=NEO_SAFE_PHASE28
 HTTP  4/5/2026 6:31:47 PM ::1 Returned 304 in 8 ms
 HTTP  4/5/2026 6:31:47 PM ::1 Returned 304 in 2 ms
 HTTP  4/5/2026 6:31:47 PM ::1 Returned 304 in 1 ms
 HTTP  4/5/2026 6:31:47 PM ::1 GET /js/store.js?v=NEO_SAFE_PHASE28
 HTTP  4/5/2026 6:31:47 PM ::1 GET /js/supabase-config.js?v=neo-99-RECOVERY14
 HTTP  4/5/2026 6:31:47 PM ::1 Returned 304 in 13 ms
 HTTP  4/5/2026 6:31:47 PM ::1 Returned 304 in 15 ms
 HTTP  4/5/2026 6:31:47 PM ::1 GET /js/neo-brain.js?v=NEO_SAFE_PHASE28
 HTTP  4/5/2026 6:31:47 PM ::1 GET /js/doc-engine.js?v=NEO_SAFE_PHASE28
 HTTP  4/5/2026 6:31:47 PM ::1 GET /js/i18n.js?v=NEO_SAFE_PHASE28
 HTTP  4/5/2026 6:31:47 PM ::1 Returned 304 in 15 ms
 HTTP  4/5/2026 6:31:47 PM ::1 Returned 304 in 25 ms
 HTTP  4/5/2026 6:31:47 PM ::1 Returned 304 in 27 ms
 HTTP  4/5/2026 6:31:47 PM ::1 GET /js/app.js?v=NEO_SAFE_PHASE28
 HTTP  4/5/2026 6:31:47 PM ::1 GET /pages/chat.js?v=NEO_SAFE_PHASE28
 HTTP  4/5/2026 6:31:47 PM ::1 Returned 304 in 26 ms
 HTTP  4/5/2026 6:31:47 PM ::1 Returned 304 in 19 ms
 HTTP  4/5/2026 6:31:47 PM ::1 Returned 304 in 33 ms
 HTTP  4/5/2026 6:31:48 PM ::1 GET /js/StaticLexicon.js?v=2.6.5
 HTTP  4/5/2026 6:31:48 PM ::1 Returned 304 in 5 ms
 HTTP  4/5/2026 6:31:48 PM ::1 GET /js/industries.js?v=2.6.5
 HTTP  4/5/2026 6:31:48 PM ::1 GET /js/GoldenKnowledge.js
 HTTP  4/5/2026 6:31:48 PM ::1 Returned 304 in 6 ms
 HTTP  4/5/2026 6:31:48 PM ::1 Returned 304 in 5 ms
 HTTP  4/5/2026 6:31:48 PM ::1 GET /pages/parseInputToData.js?v=20260321-1
 HTTP  4/5/2026 6:31:48 PM ::1 Returned 304 in 1 ms
 HTTP  4/5/2026 6:31:48 PM ::1 GET /lib/components.js
 HTTP  4/5/2026 6:31:48 PM ::1 GET /lib/cloud/googleDrive.js
 HTTP  4/5/2026 6:31:48 PM ::1 GET /pages/home.js?v=20260321-12
 HTTP  4/5/2026 6:31:48 PM ::1 Returned 304 in 5 ms
 HTTP  4/5/2026 6:31:48 PM ::1 Returned 304 in 1 ms
 HTTP  4/5/2026 6:31:48 PM ::1 GET /pages/setup.js
 HTTP  4/5/2026 6:31:48 PM ::1 Returned 304 in 1 ms
 HTTP  4/5/2026 6:31:48 PM ::1 Returned 304 in 9 ms
 HTTP  4/5/2026 6:31:48 PM ::1 GET /pages/document-manager.js
 HTTP  4/5/2026 6:31:48 PM ::1 GET /js/userProfile.js?v=20260321-13
 HTTP  4/5/2026 6:31:48 PM ::1 GET /lib/core/neoKnowledgeReset.js
 HTTP  4/5/2026 6:31:48 PM ::1 Returned 304 in 14 ms
 HTTP  4/5/2026 6:31:48 PM ::1 Returned 304 in 15 ms
 HTTP  4/5/2026 6:31:48 PM ::1 GET /lib/supabase-knowledge-client.js
 HTTP  4/5/2026 6:31:48 PM ::1 GET /lib/supabase-client.js
 HTTP  4/5/2026 6:31:48 PM ::1 Returned 304 in 3 ms
 HTTP  4/5/2026 6:31:48 PM ::1 Returned 304 in 1 ms
 HTTP  4/5/2026 6:31:48 PM ::1 GET /lib/core/intentRouter.js
 HTTP  4/5/2026 6:31:48 PM ::1 Returned 304 in 2 ms
 HTTP  4/5/2026 6:31:48 PM ::1 Returned 304 in 9 ms
 HTTP  4/5/2026 6:31:48 PM ::1 GET /lib/export/pdfGenerator.js
 HTTP  4/5/2026 6:31:48 PM ::1 GET /lib/api/geminiClient.js
 HTTP  4/5/2026 6:31:48 PM ::1 Returned 304 in 13 ms
 HTTP  4/5/2026 6:31:48 PM ::1 Returned 304 in 7 ms
 HTTP  4/5/2026 6:31:48 PM ::1 GET /locales/ja.json
 HTTP  4/5/2026 6:31:48 PM ::1 Returned 304 in 2 ms
 HTTP  4/5/2026 6:31:48 PM ::1 GET /favicon.ico
 HTTP  4/5/2026 6:31:48 PM ::1 Returned 304 in 5 ms
 HTTP  4/5/2026 6:31:59 PM ::1 GET /views/home.html?v=1775381519085
 HTTP  4/5/2026 6:31:59 PM ::1 Returned 200 in 1 ms
 HTTP  4/5/2026 6:31:59 PM ::1 GET /img/neo_avatar.jpg
 HTTP  4/5/2026 6:31:59 PM ::1 Returned 304 in 1 ms
 HTTP  4/5/2026 6:31:59 PM ::1 GET /pages/home.js
 HTTP  4/5/2026 6:31:59 PM ::1 Returned 304 in 2 ms
 HTTP  4/5/2026 6:32:05 PM ::1 GET /views/project.html?v=1775381525885
 HTTP  4/5/2026 6:32:05 PM ::1 Returned 200 in 1 ms
 HTTP  4/5/2026 6:32:05 PM ::1 GET /pages/project.js
 HTTP  4/5/2026 6:32:05 PM ::1 Returned 304 in 1 ms
 HTTP  4/5/2026 6:32:12 PM ::1 GET /views/home.html?v=1775381532356
 HTTP  4/5/2026 6:32:12 PM ::1 Returned 200 in 14 ms
 HTTP  4/5/2026 6:32:15 PM ::1 GET /views/project.html?v=1775381535518
 HTTP  4/5/2026 6:32:15 PM ::1 Returned 200 in 1 ms
 HTTP  4/5/2026 6:33:14 PM ::1 GET /
 HTTP  4/5/2026 6:33:14 PM ::1 Returned 304 in 2 ms
 HTTP  4/5/2026 6:33:14 PM ::1 GET /css/index.css?v=20260321-13
 HTTP  4/5/2026 6:33:14 PM ::1 GET /css/layout.css?v=20260321-13
 HTTP  4/5/2026 6:33:14 PM ::1 Returned 304 in 8 ms
 HTTP  4/5/2026 6:33:14 PM ::1 Returned 304 in 6 ms
 HTTP  4/5/2026 6:33:14 PM ::1 GET /css/chat.css?v=20260322-1
 HTTP  4/5/2026 6:33:14 PM ::1 Returned 304 in 0 ms
 HTTP  4/5/2026 6:33:14 PM ::1 GET /css/desk.css?v=20260323-1
 HTTP  4/5/2026 6:33:14 PM ::1 Returned 304 in 5 ms
 HTTP  4/5/2026 6:33:14 PM ::1 GET /js/fastclick.min.js?v=FINAL_FORCE_RECOVERY_30
 HTTP  4/5/2026 6:33:14 PM ::1 GET /css/components.css?v=20260321-13
 HTTP  4/5/2026 6:33:14 PM ::1 GET /lib/utils.js?v=NEO_SAFE_PHASE28
 HTTP  4/5/2026 6:33:14 PM ::1 GET /lib/cloud/googleDrive.js?v=NEO_SAFE_PHASE28
 HTTP  4/5/2026 6:33:14 PM ::1 Returned 304 in 3 ms
 HTTP  4/5/2026 6:33:14 PM ::1 Returned 304 in 2 ms
 HTTP  4/5/2026 6:33:14 PM ::1 Returned 304 in 4 ms
 HTTP  4/5/2026 6:33:14 PM ::1 GET /js/store.js?v=NEO_SAFE_PHASE28
 HTTP  4/5/2026 6:33:14 PM ::1 GET /js/supabase-config.js?v=neo-99-RECOVERY14
 HTTP  4/5/2026 6:33:14 PM ::1 GET /js/doc-engine.js?v=NEO_SAFE_PHASE28
 HTTP  4/5/2026 6:33:14 PM ::1 Returned 304 in 9 ms
 HTTP  4/5/2026 6:33:14 PM ::1 Returned 304 in 1 ms
 HTTP  4/5/2026 6:33:14 PM ::1 Returned 304 in 1 ms
 HTTP  4/5/2026 6:33:14 PM ::1 GET /js/gemini.js?v=NEO_SAFE_PHASE28
 HTTP  4/5/2026 6:33:14 PM ::1 GET /js/neo-brain.js?v=NEO_SAFE_PHASE28
 HTTP  4/5/2026 6:33:14 PM ::1 Returned 304 in 3 ms
 HTTP  4/5/2026 6:33:14 PM ::1 Returned 304 in 5 ms
 HTTP  4/5/2026 6:33:14 PM ::1 GET /js/i18n.js?v=NEO_SAFE_PHASE28
 HTTP  4/5/2026 6:33:14 PM ::1 GET /js/app.js?v=NEO_SAFE_PHASE28
 HTTP  4/5/2026 6:33:14 PM ::1 GET /pages/chat.js?v=NEO_SAFE_PHASE28
 HTTP  4/5/2026 6:33:14 PM ::1 Returned 304 in 14 ms
 HTTP  4/5/2026 6:33:14 PM ::1 Returned 304 in 5 ms
 HTTP  4/5/2026 6:33:14 PM ::1 GET /.well-known/appspecific/com.chrome.devtools.json
 HTTP  4/5/2026 6:33:14 PM ::1 Returned 304 in 3 ms
 HTTP  4/5/2026 6:33:14 PM ::1 Returned 304 in 2 ms
 HTTP  4/5/2026 6:33:14 PM ::1 Returned 200 in 9 ms
 HTTP  4/5/2026 6:33:14 PM ::1 GET /js/StaticLexicon.js?v=2.6.5
 HTTP  4/5/2026 6:33:14 PM ::1 Returned 304 in 4 ms
 HTTP  4/5/2026 6:33:14 PM ::1 GET /js/industries.js?v=2.6.5
 HTTP  4/5/2026 6:33:14 PM ::1 Returned 304 in 2 ms
 HTTP  4/5/2026 6:33:14 PM ::1 GET /js/GoldenKnowledge.js
 HTTP  4/5/2026 6:33:14 PM ::1 Returned 304 in 7 ms
 HTTP  4/5/2026 6:33:14 PM ::1 GET /pages/parseInputToData.js?v=20260321-1
 HTTP  4/5/2026 6:33:14 PM ::1 Returned 304 in 1 ms
 HTTP  4/5/2026 6:33:14 PM ::1 GET /lib/components.js
 HTTP  4/5/2026 6:33:14 PM ::1 GET /pages/setup.js
 HTTP  4/5/2026 6:33:14 PM ::1 GET /pages/document-manager.js
 HTTP  4/5/2026 6:33:14 PM ::1 GET /js/userProfile.js?v=20260321-13
 HTTP  4/5/2026 6:33:14 PM ::1 GET /lib/core/neoKnowledgeReset.js
 HTTP  4/5/2026 6:33:14 PM ::1 GET /lib/core/intentRouter.js
 HTTP  4/5/2026 6:33:14 PM ::1 Returned 304 in 1 ms
 HTTP  4/5/2026 6:33:14 PM ::1 Returned 304 in 2 ms
 HTTP  4/5/2026 6:33:14 PM ::1 Returned 304 in 3 ms
 HTTP  4/5/2026 6:33:14 PM ::1 Returned 304 in 7 ms
 HTTP  4/5/2026 6:33:14 PM ::1 Returned 304 in 7 ms
 HTTP  4/5/2026 6:33:14 PM ::1 Returned 304 in 8 ms
 HTTP  4/5/2026 6:33:14 PM ::1 GET /lib/export/pdfGenerator.js
 HTTP  4/5/2026 6:33:14 PM ::1 GET /lib/api/geminiClient.js
 HTTP  4/5/2026 6:33:14 PM ::1 GET /lib/supabase-knowledge-client.js
 HTTP  4/5/2026 6:33:14 PM ::1 GET /pages/home.js?v=20260321-12
 HTTP  4/5/2026 6:33:14 PM ::1 GET /lib/supabase-client.js
 HTTP  4/5/2026 6:33:14 PM ::1 Returned 304 in 9 ms
 HTTP  4/5/2026 6:33:14 PM ::1 Returned 304 in 8 ms
 HTTP  4/5/2026 6:33:14 PM ::1 Returned 304 in 9 ms
 HTTP  4/5/2026 6:33:14 PM ::1 Returned 304 in 15 ms
 HTTP  4/5/2026 6:33:14 PM ::1 GET /lib/cloud/googleDrive.js
 HTTP  4/5/2026 6:33:14 PM ::1 Returned 304 in 16 ms
 HTTP  4/5/2026 6:33:14 PM ::1 Returned 304 in 1 ms
 HTTP  4/5/2026 6:33:14 PM ::1 GET /locales/ja.json
 HTTP  4/5/2026 6:33:14 PM ::1 GET /favicon.ico
 HTTP  4/5/2026 6:33:14 PM ::1 Returned 304 in 4 ms
 HTTP  4/5/2026 6:33:14 PM ::1 Returned 304 in 8 ms
 HTTP  4/5/2026 6:33:15 PM ::1 GET /
 HTTP  4/5/2026 6:33:15 PM ::1 Returned 304 in 2 ms
 HTTP  4/5/2026 6:33:15 PM ::1 GET /css/index.css?v=20260321-13
 HTTP  4/5/2026 6:33:15 PM ::1 GET /.well-known/appspecific/com.chrome.devtools.json
 HTTP  4/5/2026 6:33:15 PM ::1 GET /css/layout.css?v=20260321-13
 HTTP  4/5/2026 6:33:15 PM ::1 GET /css/desk.css?v=20260323-1
 HTTP  4/5/2026 6:33:15 PM ::1 GET /css/chat.css?v=20260322-1
 HTTP  4/5/2026 6:33:15 PM ::1 Returned 304 in 15 ms
 HTTP  4/5/2026 6:33:15 PM ::1 GET /js/supabase-config.js?v=neo-99-RECOVERY14
 HTTP  4/5/2026 6:33:15 PM ::1 Returned 304 in 17 ms
 HTTP  4/5/2026 6:33:15 PM ::1 Returned 304 in 14 ms
 HTTP  4/5/2026 6:33:15 PM ::1 Returned 304 in 14 ms
 HTTP  4/5/2026 6:33:15 PM ::1 Returned 304 in 27 ms
 HTTP  4/5/2026 6:33:15 PM ::1 GET /css/components.css?v=20260321-13
 HTTP  4/5/2026 6:33:15 PM ::1 Returned 304 in 16 ms
 HTTP  4/5/2026 6:33:15 PM ::1 GET /js/fastclick.min.js?v=FINAL_FORCE_RECOVERY_30
 HTTP  4/5/2026 6:33:15 PM ::1 GET /lib/utils.js?v=NEO_SAFE_PHASE28
 HTTP  4/5/2026 6:33:15 PM ::1 GET /lib/cloud/googleDrive.js?v=NEO_SAFE_PHASE28
 HTTP  4/5/2026 6:33:15 PM ::1 GET /js/gemini.js?v=NEO_SAFE_PHASE28
 HTTP  4/5/2026 6:33:15 PM ::1 Returned 304 in 7 ms
 HTTP  4/5/2026 6:33:15 PM ::1 Returned 304 in 2 ms
 HTTP  4/5/2026 6:33:15 PM ::1 Returned 304 in 3 ms
 HTTP  4/5/2026 6:33:15 PM ::1 Returned 304 in 3 ms
 HTTP  4/5/2026 6:33:15 PM ::1 Returned 304 in 3 ms
 HTTP  4/5/2026 6:33:15 PM ::1 GET /js/neo-brain.js?v=NEO_SAFE_PHASE28
 HTTP  4/5/2026 6:33:15 PM ::1 Returned 304 in 36 ms
 HTTP  4/5/2026 6:33:15 PM ::1 GET /js/store.js?v=NEO_SAFE_PHASE28
 HTTP  4/5/2026 6:33:15 PM ::1 GET /js/doc-engine.js?v=NEO_SAFE_PHASE28
 HTTP  4/5/2026 6:33:15 PM ::1 GET /js/i18n.js?v=NEO_SAFE_PHASE28
 HTTP  4/5/2026 6:33:15 PM ::1 GET /js/app.js?v=NEO_SAFE_PHASE28
 HTTP  4/5/2026 6:33:15 PM ::1 GET /pages/chat.js?v=NEO_SAFE_PHASE28
 HTTP  4/5/2026 6:33:15 PM ::1 Returned 304 in 27 ms
 HTTP  4/5/2026 6:33:15 PM ::1 Returned 304 in 25 ms
 HTTP  4/5/2026 6:33:15 PM ::1 Returned 304 in 25 ms
 HTTP  4/5/2026 6:33:15 PM ::1 Returned 304 in 25 ms
 HTTP  4/5/2026 6:33:15 PM ::1 Returned 304 in 25 ms
 HTTP  4/5/2026 6:33:15 PM ::1 GET /js/industries.js?v=2.6.5
 HTTP  4/5/2026 6:33:15 PM ::1 Returned 304 in 3 ms
 HTTP  4/5/2026 6:33:15 PM ::1 GET /js/StaticLexicon.js?v=2.6.5
 HTTP  4/5/2026 6:33:15 PM ::1 GET /js/GoldenKnowledge.js
 HTTP  4/5/2026 6:33:15 PM ::1 GET /pages/parseInputToData.js?v=20260321-1
 HTTP  4/5/2026 6:33:15 PM ::1 GET /lib/components.js
 HTTP  4/5/2026 6:33:15 PM ::1 Returned 304 in 31 ms
 HTTP  4/5/2026 6:33:15 PM ::1 GET /lib/cloud/googleDrive.js
 HTTP  4/5/2026 6:33:15 PM ::1 GET /pages/home.js?v=20260321-12
 HTTP  4/5/2026 6:33:15 PM ::1 Returned 304 in 39 ms
 HTTP  4/5/2026 6:33:15 PM ::1 Returned 304 in 35 ms
 HTTP  4/5/2026 6:33:15 PM ::1 Returned 304 in 34 ms
 HTTP  4/5/2026 6:33:15 PM ::1 Returned 304 in 16 ms
 HTTP  4/5/2026 6:33:15 PM ::1 GET /pages/setup.js
 HTTP  4/5/2026 6:33:15 PM ::1 Returned 304 in 28 ms
 HTTP  4/5/2026 6:33:15 PM ::1 GET /pages/document-manager.js
 HTTP  4/5/2026 6:33:15 PM ::1 GET /js/userProfile.js?v=20260321-13
 HTTP  4/5/2026 6:33:15 PM ::1 GET /lib/core/neoKnowledgeReset.js
 HTTP  4/5/2026 6:33:15 PM ::1 GET /lib/supabase-knowledge-client.js
 HTTP  4/5/2026 6:33:15 PM ::1 Returned 304 in 17 ms
 HTTP  4/5/2026 6:33:15 PM ::1 Returned 304 in 8 ms
 HTTP  4/5/2026 6:33:15 PM ::1 Returned 304 in 9 ms
 HTTP  4/5/2026 6:33:15 PM ::1 GET /lib/supabase-client.js
 HTTP  4/5/2026 6:33:15 PM ::1 Returned 304 in 18 ms
 HTTP  4/5/2026 6:33:15 PM ::1 Returned 304 in 17 ms
 HTTP  4/5/2026 6:33:15 PM ::1 GET /lib/core/intentRouter.js
 HTTP  4/5/2026 6:33:15 PM ::1 GET /lib/export/pdfGenerator.js
 HTTP  4/5/2026 6:33:15 PM ::1 GET /lib/api/geminiClient.js
 HTTP  4/5/2026 6:33:15 PM ::1 Returned 304 in 17 ms
 HTTP  4/5/2026 6:33:15 PM ::1 Returned 304 in 3 ms
 HTTP  4/5/2026 6:33:15 PM ::1 Returned 304 in 6 ms
 HTTP  4/5/2026 6:33:15 PM ::1 Returned 304 in 8 ms
 HTTP  4/5/2026 6:33:15 PM ::1 GET /locales/ja.json
 HTTP  4/5/2026 6:33:15 PM ::1 GET /favicon.ico
 HTTP  4/5/2026 6:33:15 PM ::1 Returned 304 in 4 ms
 HTTP  4/5/2026 6:33:15 PM ::1 Returned 304 in 4 ms
 HTTP  4/5/2026 6:33:16 PM ::1 GET /views/home.html?v=1775381596369
 HTTP  4/5/2026 6:33:16 PM ::1 Returned 200 in 1 ms
 HTTP  4/5/2026 6:33:16 PM ::1 GET /img/neo_avatar.jpg
 HTTP  4/5/2026 6:33:16 PM ::1 Returned 304 in 1 ms
 HTTP  4/5/2026 6:33:16 PM ::1 GET /pages/home.js
 HTTP  4/5/2026 6:33:16 PM ::1 Returned 304 in 2 ms
 HTTP  4/5/2026 6:33:21 PM ::1 GET /views/project.html?v=1775381601785
 HTTP  4/5/2026 6:33:21 PM ::1 Returned 200 in 1 ms
 HTTP  4/5/2026 6:33:21 PM ::1 GET /pages/project.js
 HTTP  4/5/2026 6:33:21 PM ::1 Returned 304 in 1 ms
 HTTP  4/5/2026 6:33:28 PM ::1 GET /views/home.html?v=1775381608635
 HTTP  4/5/2026 6:33:28 PM ::1 Returned 200 in 2 ms
 HTTP  4/5/2026 6:33:30 PM ::1 GET /views/project.html?v=1775381610668
 HTTP  4/5/2026 6:33:30 PM ::1 Returned 200 in 1 ms
 HTTP  4/5/2026 6:36:58 PM ::1 GET /
 HTTP  4/5/2026 6:36:58 PM ::1 Returned 304 in 4 ms
 HTTP  4/5/2026 6:36:58 PM ::1 GET /css/index.css?v=20260321-13
 HTTP  4/5/2026 6:36:58 PM ::1 GET /css/chat.css?v=20260322-1
 HTTP  4/5/2026 6:36:58 PM ::1 Returned 304 in 3 ms
 HTTP  4/5/2026 6:36:58 PM ::1 Returned 304 in 1 ms
 HTTP  4/5/2026 6:36:58 PM ::1 GET /css/layout.css?v=20260321-13
 HTTP  4/5/2026 6:36:58 PM ::1 Returned 304 in 0 ms
 HTTP  4/5/2026 6:36:58 PM ::1 GET /js/fastclick.min.js?v=FINAL_FORCE_RECOVERY_30
 HTTP  4/5/2026 6:36:58 PM ::1 GET /css/desk.css?v=20260323-1
 HTTP  4/5/2026 6:36:58 PM ::1 GET /lib/utils.js?v=NEO_SAFE_PHASE28
 HTTP  4/5/2026 6:36:58 PM ::1 Returned 304 in 1 ms
 HTTP  4/5/2026 6:36:58 PM ::1 Returned 304 in 1 ms
 HTTP  4/5/2026 6:36:58 PM ::1 GET /lib/cloud/googleDrive.js?v=NEO_SAFE_PHASE28
 HTTP  4/5/2026 6:36:58 PM ::1 GET /css/components.css?v=20260321-13
 HTTP  4/5/2026 6:36:58 PM ::1 Returned 304 in 2 ms
 HTTP  4/5/2026 6:36:58 PM ::1 Returned 304 in 1 ms
 HTTP  4/5/2026 6:36:58 PM ::1 Returned 304 in 1 ms
 HTTP  4/5/2026 6:36:58 PM ::1 GET /js/gemini.js?v=NEO_SAFE_PHASE28
 HTTP  4/5/2026 6:36:58 PM ::1 GET /js/doc-engine.js?v=NEO_SAFE_PHASE28
 HTTP  4/5/2026 6:36:58 PM ::1 GET /js/supabase-config.js?v=neo-99-RECOVERY14
 HTTP  4/5/2026 6:36:58 PM ::1 GET /js/i18n.js?v=NEO_SAFE_PHASE28
 HTTP  4/5/2026 6:36:58 PM ::1 Returned 304 in 2 ms
 HTTP  4/5/2026 6:36:58 PM ::1 Returned 304 in 2 ms
 HTTP  4/5/2026 6:36:58 PM ::1 GET /js/neo-brain.js?v=NEO_SAFE_PHASE28
 HTTP  4/5/2026 6:36:58 PM ::1 GET /pages/chat.js?v=NEO_SAFE_PHASE28
 HTTP  4/5/2026 6:36:58 PM ::1 Returned 304 in 3 ms
 HTTP  4/5/2026 6:36:58 PM ::1 Returned 304 in 4 ms
 HTTP  4/5/2026 6:36:58 PM ::1 Returned 304 in 1 ms
 HTTP  4/5/2026 6:36:58 PM ::1 Returned 200 in 3 ms
 HTTP  4/5/2026 6:36:58 PM ::1 GET /js/app.js?v=NEO_SAFE_PHASE28
 HTTP  4/5/2026 6:36:58 PM ::1 GET /js/store.js?v=NEO_SAFE_PHASE28
 HTTP  4/5/2026 6:36:58 PM ::1 Returned 200 in 0 ms
 HTTP  4/5/2026 6:36:58 PM ::1 Returned 304 in 1 ms
 HTTP  4/5/2026 6:36:59 PM ::1 GET /js/StaticLexicon.js?v=2.6.5
 HTTP  4/5/2026 6:36:59 PM ::1 Returned 304 in 1 ms
 HTTP  4/5/2026 6:36:59 PM ::1 GET /js/industries.js?v=2.6.5
 HTTP  4/5/2026 6:36:59 PM ::1 Returned 304 in 1 ms
 HTTP  4/5/2026 6:36:59 PM ::1 GET /js/GoldenKnowledge.js
 HTTP  4/5/2026 6:36:59 PM ::1 Returned 304 in 0 ms
 HTTP  4/5/2026 6:36:59 PM ::1 GET /pages/parseInputToData.js?v=20260321-1
 HTTP  4/5/2026 6:36:59 PM ::1 Returned 304 in 0 ms
 HTTP  4/5/2026 6:36:59 PM ::1 GET /lib/components.js
 HTTP  4/5/2026 6:36:59 PM ::1 GET /lib/cloud/googleDrive.js
 HTTP  4/5/2026 6:36:59 PM ::1 GET /pages/home.js?v=20260321-12
 HTTP  4/5/2026 6:36:59 PM ::1 GET /pages/setup.js
 HTTP  4/5/2026 6:36:59 PM ::1 Returned 304 in 1 ms
 HTTP  4/5/2026 6:36:59 PM ::1 Returned 304 in 1 ms
 HTTP  4/5/2026 6:36:59 PM ::1 Returned 200 in 1 ms
 HTTP  4/5/2026 6:36:59 PM ::1 GET /pages/document-manager.js
 HTTP  4/5/2026 6:36:59 PM ::1 GET /lib/supabase-knowledge-client.js
 HTTP  4/5/2026 6:36:59 PM ::1 Returned 304 in 2 ms
 HTTP  4/5/2026 6:36:59 PM ::1 Returned 304 in 1 ms
 HTTP  4/5/2026 6:36:59 PM ::1 GET /js/userProfile.js?v=20260321-13
 HTTP  4/5/2026 6:36:59 PM ::1 GET /lib/core/neoKnowledgeReset.js
 HTTP  4/5/2026 6:36:59 PM ::1 GET /lib/supabase-client.js
 HTTP  4/5/2026 6:36:59 PM ::1 Returned 304 in 4 ms
 HTTP  4/5/2026 6:36:59 PM ::1 Returned 304 in 1 ms
 HTTP  4/5/2026 6:36:59 PM ::1 Returned 304 in 2 ms
 HTTP  4/5/2026 6:36:59 PM ::1 GET /lib/export/pdfGenerator.js
 HTTP  4/5/2026 6:36:59 PM ::1 Returned 304 in 1 ms
 HTTP  4/5/2026 6:36:59 PM ::1 GET /lib/core/intentRouter.js
 HTTP  4/5/2026 6:36:59 PM ::1 GET /lib/api/geminiClient.js
 HTTP  4/5/2026 6:36:59 PM ::1 Returned 304 in 1 ms
 HTTP  4/5/2026 6:36:59 PM ::1 Returned 200 in 1 ms
 HTTP  4/5/2026 6:36:59 PM ::1 Returned 304 in 1 ms
 HTTP  4/5/2026 6:36:59 PM ::1 GET /locales/ja.json
 HTTP  4/5/2026 6:36:59 PM ::1 Returned 304 in 1 ms
 HTTP  4/5/2026 6:36:59 PM ::1 GET /favicon.ico
 HTTP  4/5/2026 6:36:59 PM ::1 Returned 304 in 1 ms
 HTTP  4/5/2026 6:37:00 PM ::1 GET /views/home.html?v=1775381820435
 HTTP  4/5/2026 6:37:00 PM ::1 Returned 200 in 1 ms
 HTTP  4/5/2026 6:37:00 PM ::1 GET /img/neo_avatar.jpg
 HTTP  4/5/2026 6:37:00 PM ::1 GET /pages/home.js
 HTTP  4/5/2026 6:37:00 PM ::1 Returned 304 in 3 ms
 HTTP  4/5/2026 6:37:00 PM ::1 Returned 200 in 5 ms
 HTTP  4/5/2026 6:37:19 PM ::1 GET /views/project.html?v=1775381839868
 HTTP  4/5/2026 6:37:19 PM ::1 Returned 200 in 2 ms
 HTTP  4/5/2026 6:37:19 PM ::1 GET /pages/project.js
 HTTP  4/5/2026 6:37:19 PM ::1 Returned 304 in 1 ms
 HTTP  4/5/2026 6:38:35 PM ::1 GET /
 HTTP  4/5/2026 6:38:35 PM ::1 Returned 304 in 4 ms
 HTTP  4/5/2026 6:38:35 PM ::1 GET /css/index.css?v=20260321-13
 HTTP  4/5/2026 6:38:35 PM ::1 GET /css/layout.css?v=20260321-13
 HTTP  4/5/2026 6:38:35 PM ::1 Returned 304 in 10 ms
 HTTP  4/5/2026 6:38:35 PM ::1 Returned 304 in 10 ms
 HTTP  4/5/2026 6:38:35 PM ::1 GET /css/chat.css?v=20260322-1
 HTTP  4/5/2026 6:38:35 PM ::1 Returned 304 in 1 ms
 HTTP  4/5/2026 6:38:35 PM ::1 GET /css/desk.css?v=20260323-1
 HTTP  4/5/2026 6:38:35 PM ::1 Returned 304 in 2 ms
 HTTP  4/5/2026 6:38:35 PM ::1 GET /js/fastclick.min.js?v=FINAL_FORCE_RECOVERY_30
 HTTP  4/5/2026 6:38:35 PM ::1 GET /lib/utils.js?v=NEO_SAFE_PHASE28
 HTTP  4/5/2026 6:38:35 PM ::1 GET /css/components.css?v=20260321-13
 HTTP  4/5/2026 6:38:35 PM ::1 GET /lib/cloud/googleDrive.js?v=NEO_SAFE_PHASE28
 HTTP  4/5/2026 6:38:35 PM ::1 Returned 304 in 10 ms
 HTTP  4/5/2026 6:38:35 PM ::1 Returned 304 in 7 ms
 HTTP  4/5/2026 6:38:35 PM ::1 Returned 304 in 7 ms
 HTTP  4/5/2026 6:38:35 PM ::1 GET /js/store.js?v=NEO_SAFE_PHASE28
 HTTP  4/5/2026 6:38:35 PM ::1 GET /js/supabase-config.js?v=neo-99-RECOVERY14
 HTTP  4/5/2026 6:38:35 PM ::1 Returned 304 in 10 ms
 HTTP  4/5/2026 6:38:35 PM ::1 Returned 304 in 3 ms
 HTTP  4/5/2026 6:38:35 PM ::1 GET /js/gemini.js?v=NEO_SAFE_PHASE28
 HTTP  4/5/2026 6:38:35 PM ::1 GET /js/neo-brain.js?v=NEO_SAFE_PHASE28
 HTTP  4/5/2026 6:38:35 PM ::1 GET /js/doc-engine.js?v=NEO_SAFE_PHASE28
 HTTP  4/5/2026 6:38:35 PM ::1 Returned 304 in 6 ms
 HTTP  4/5/2026 6:38:35 PM ::1 Returned 304 in 6 ms
 HTTP  4/5/2026 6:38:35 PM ::1 Returned 304 in 6 ms
 HTTP  4/5/2026 6:38:35 PM ::1 GET /js/app.js?v=NEO_SAFE_PHASE28
 HTTP  4/5/2026 6:38:35 PM ::1 GET /js/i18n.js?v=NEO_SAFE_PHASE28
 HTTP  4/5/2026 6:38:35 PM ::1 Returned 304 in 10 ms
 HTTP  4/5/2026 6:38:35 PM ::1 GET /pages/chat.js?v=NEO_SAFE_PHASE28
 HTTP  4/5/2026 6:38:35 PM ::1 Returned 304 in 4 ms
 HTTP  4/5/2026 6:38:35 PM ::1 Returned 304 in 5 ms
 HTTP  4/5/2026 6:38:35 PM ::1 Returned 200 in 14 ms
 HTTP  4/5/2026 6:38:35 PM ::1 GET /js/StaticLexicon.js?v=2.6.5
 HTTP  4/5/2026 6:38:35 PM ::1 Returned 304 in 1 ms
 HTTP  4/5/2026 6:38:35 PM ::1 GET /js/industries.js?v=2.6.5
 HTTP  4/5/2026 6:38:35 PM ::1 Returned 304 in 0 ms
 HTTP  4/5/2026 6:38:35 PM ::1 GET /js/GoldenKnowledge.js
 HTTP  4/5/2026 6:38:35 PM ::1 Returned 304 in 1 ms
 HTTP  4/5/2026 6:38:35 PM ::1 GET /pages/parseInputToData.js?v=20260321-1
 HTTP  4/5/2026 6:38:35 PM ::1 Returned 304 in 1 ms
 HTTP  4/5/2026 6:38:35 PM ::1 GET /lib/components.js
 HTTP  4/5/2026 6:38:35 PM ::1 GET /pages/setup.js
 HTTP  4/5/2026 6:38:35 PM ::1 GET /lib/cloud/googleDrive.js
 HTTP  4/5/2026 6:38:35 PM ::1 GET /pages/home.js?v=20260321-12
 HTTP  4/5/2026 6:38:35 PM ::1 GET /lib/core/neoKnowledgeReset.js
 HTTP  4/5/2026 6:38:35 PM ::1 GET /pages/document-manager.js
 HTTP  4/5/2026 6:38:35 PM ::1 Returned 304 in 4 ms
 HTTP  4/5/2026 6:38:35 PM ::1 Returned 304 in 3 ms
 HTTP  4/5/2026 6:38:35 PM ::1 Returned 304 in 2 ms
 HTTP  4/5/2026 6:38:35 PM ::1 Returned 304 in 2 ms
 HTTP  4/5/2026 6:38:35 PM ::1 Returned 304 in 3 ms
 HTTP  4/5/2026 6:38:35 PM ::1 GET /lib/core/intentRouter.js
 HTTP  4/5/2026 6:38:35 PM ::1 Returned 304 in 4 ms
 HTTP  4/5/2026 6:38:35 PM ::1 GET /js/userProfile.js?v=20260321-13
 HTTP  4/5/2026 6:38:35 PM ::1 GET /lib/supabase-knowledge-client.js
 HTTP  4/5/2026 6:38:35 PM ::1 GET /lib/supabase-client.js
 HTTP  4/5/2026 6:38:35 PM ::1 Returned 304 in 5 ms
 HTTP  4/5/2026 6:38:35 PM ::1 Returned 304 in 5 ms
 HTTP  4/5/2026 6:38:35 PM ::1 Returned 304 in 4 ms
 HTTP  4/5/2026 6:38:35 PM ::1 GET /lib/export/pdfGenerator.js
 HTTP  4/5/2026 6:38:35 PM ::1 GET /lib/api/geminiClient.js
 HTTP  4/5/2026 6:38:35 PM ::1 Returned 304 in 8 ms
 HTTP  4/5/2026 6:38:35 PM ::1 Returned 304 in 1 ms
 HTTP  4/5/2026 6:38:35 PM ::1 Returned 304 in 6 ms
 HTTP  4/5/2026 6:38:35 PM ::1 GET /locales/ja.json
 HTTP  4/5/2026 6:38:35 PM ::1 GET /favicon.ico
 HTTP  4/5/2026 6:38:35 PM ::1 Returned 304 in 1 ms
 HTTP  4/5/2026 6:38:35 PM ::1 Returned 304 in 1 ms
 HTTP  4/5/2026 6:39:53 PM ::1 GET /
 HTTP  4/5/2026 6:39:53 PM ::1 Returned 304 in 164 ms
 HTTP  4/5/2026 6:39:53 PM ::1 GET /css/index.css?v=20260321-13
 HTTP  4/5/2026 6:39:53 PM ::1 GET /css/layout.css?v=20260321-13
 HTTP  4/5/2026 6:39:54 PM ::1 GET /css/chat.css?v=20260322-1
 HTTP  4/5/2026 6:39:53 PM ::1 Returned 304 in 176 ms
 HTTP  4/5/2026 6:39:53 PM ::1 Returned 304 in 165 ms
 HTTP  4/5/2026 6:39:54 PM ::1 GET /css/desk.css?v=20260323-1
 HTTP  4/5/2026 6:39:54 PM ::1 Returned 304 in 35 ms
 HTTP  4/5/2026 6:39:54 PM ::1 GET /js/supabase-config.js?v=neo-99-RECOVERY14
 HTTP  4/5/2026 6:39:54 PM ::1 GET /js/fastclick.min.js?v=FINAL_FORCE_RECOVERY_30
 HTTP  4/5/2026 6:39:54 PM ::1 GET /css/components.css?v=20260321-13
 HTTP  4/5/2026 6:39:54 PM ::1 GET /lib/utils.js?v=NEO_SAFE_PHASE28
 HTTP  4/5/2026 6:39:54 PM ::1 Returned 304 in 9 ms
 HTTP  4/5/2026 6:39:54 PM ::1 Returned 304 in 6 ms
 HTTP  4/5/2026 6:39:54 PM ::1 Returned 304 in 9 ms
 HTTP  4/5/2026 6:39:54 PM ::1 Returned 304 in 11 ms
 HTTP  4/5/2026 6:39:54 PM ::1 GET /.well-known/appspecific/com.chrome.devtools.json
 HTTP  4/5/2026 6:39:54 PM ::1 Returned 304 in 16 ms
 HTTP  4/5/2026 6:39:54 PM ::1 GET /lib/cloud/googleDrive.js?v=NEO_SAFE_PHASE28
 HTTP  4/5/2026 6:39:54 PM ::1 GET /js/store.js?v=NEO_SAFE_PHASE28
 HTTP  4/5/2026 6:39:54 PM ::1 GET /js/gemini.js?v=NEO_SAFE_PHASE28
 HTTP  4/5/2026 6:39:54 PM ::1 GET /js/neo-brain.js?v=NEO_SAFE_PHASE28
 HTTP  4/5/2026 6:39:54 PM ::1 Returned 304 in 20 ms
 HTTP  4/5/2026 6:39:54 PM ::1 Returned 304 in 29 ms
 HTTP  4/5/2026 6:39:54 PM ::1 Returned 304 in 17 ms
 HTTP  4/5/2026 6:39:54 PM ::1 GET /js/doc-engine.js?v=NEO_SAFE_PHASE28
 HTTP  4/5/2026 6:39:54 PM ::1 Returned 304 in 23 ms
 HTTP  4/5/2026 6:39:54 PM ::1 Returned 304 in 56 ms
 HTTP  4/5/2026 6:39:54 PM ::1 GET /js/i18n.js?v=NEO_SAFE_PHASE28
 HTTP  4/5/2026 6:39:54 PM ::1 GET /js/app.js?v=NEO_SAFE_PHASE28
 HTTP  4/5/2026 6:39:54 PM ::1 GET /pages/chat.js?v=NEO_SAFE_PHASE28
 HTTP  4/5/2026 6:39:54 PM ::1 Returned 304 in 10 ms
 HTTP  4/5/2026 6:39:54 PM ::1 Returned 304 in 11 ms
 HTTP  4/5/2026 6:39:54 PM ::1 Returned 200 in 17 ms
 HTTP  4/5/2026 6:39:54 PM ::1 Returned 304 in 17 ms
 HTTP  4/5/2026 6:39:54 PM ::1 GET /js/StaticLexicon.js?v=2.6.5
 HTTP  4/5/2026 6:39:54 PM ::1 Returned 304 in 1 ms
 HTTP  4/5/2026 6:39:54 PM ::1 GET /js/industries.js?v=2.6.5
 HTTP  4/5/2026 6:39:54 PM ::1 Returned 304 in 59 ms
 HTTP  4/5/2026 6:39:54 PM ::1 GET /js/GoldenKnowledge.js
 HTTP  4/5/2026 6:39:54 PM ::1 Returned 304 in 1 ms
 HTTP  4/5/2026 6:39:54 PM ::1 GET /pages/parseInputToData.js?v=20260321-1
 HTTP  4/5/2026 6:39:54 PM ::1 Returned 304 in 5 ms
 HTTP  4/5/2026 6:39:54 PM ::1 GET /lib/components.js
 HTTP  4/5/2026 6:39:54 PM ::1 GET /pages/home.js?v=20260321-12
 HTTP  4/5/2026 6:39:54 PM ::1 GET /lib/cloud/googleDrive.js
 HTTP  4/5/2026 6:39:54 PM ::1 GET /pages/setup.js
 HTTP  4/5/2026 6:39:54 PM ::1 GET /js/userProfile.js?v=20260321-13
 HTTP  4/5/2026 6:39:54 PM ::1 GET /lib/core/neoKnowledgeReset.js
 HTTP  4/5/2026 6:39:54 PM ::1 Returned 304 in 5 ms
 HTTP  4/5/2026 6:39:54 PM ::1 Returned 304 in 5 ms
 HTTP  4/5/2026 6:39:54 PM ::1 Returned 304 in 9 ms
 HTTP  4/5/2026 6:39:54 PM ::1 Returned 304 in 12 ms
 HTTP  4/5/2026 6:39:54 PM ::1 Returned 304 in 13 ms
 HTTP  4/5/2026 6:39:54 PM ::1 Returned 304 in 14 ms
 HTTP  4/5/2026 6:39:54 PM ::1 GET /pages/document-manager.js
 HTTP  4/5/2026 6:39:54 PM ::1 GET /lib/supabase-knowledge-client.js
 HTTP  4/5/2026 6:39:54 PM ::1 Returned 304 in 3 ms
 HTTP  4/5/2026 6:39:54 PM ::1 GET /lib/supabase-client.js
 HTTP  4/5/2026 6:39:54 PM ::1 GET /lib/api/geminiClient.js
 HTTP  4/5/2026 6:39:54 PM ::1 GET /lib/core/intentRouter.js
 HTTP  4/5/2026 6:39:54 PM ::1 GET /lib/export/pdfGenerator.js
 HTTP  4/5/2026 6:39:54 PM ::1 Returned 304 in 13 ms
 HTTP  4/5/2026 6:39:54 PM ::1 Returned 304 in 70 ms
 HTTP  4/5/2026 6:39:54 PM ::1 Returned 304 in 68 ms
 HTTP  4/5/2026 6:39:54 PM ::1 Returned 304 in 73 ms
 HTTP  4/5/2026 6:39:54 PM ::1 Returned 304 in 76 ms
 HTTP  4/5/2026 6:39:54 PM ::1 GET /locales/ja.json
 HTTP  4/5/2026 6:39:54 PM ::1 GET /favicon.ico
 HTTP  4/5/2026 6:39:54 PM ::1 Returned 304 in 2 ms
 HTTP  4/5/2026 6:39:54 PM ::1 Returned 304 in 6 ms
 HTTP  4/5/2026 6:39:57 PM ::1 GET /
 HTTP  4/5/2026 6:39:57 PM ::1 Returned 200 in 3 ms
 HTTP  4/5/2026 6:39:57 PM ::1 GET /css/index.css?v=20260321-13
 HTTP  4/5/2026 6:39:57 PM ::1 GET /.well-known/appspecific/com.chrome.devtools.json
 HTTP  4/5/2026 6:39:57 PM ::1 GET /css/layout.css?v=20260321-13
 HTTP  4/5/2026 6:39:57 PM ::1 GET /css/desk.css?v=20260323-1
 HTTP  4/5/2026 6:39:57 PM ::1 GET /css/components.css?v=20260321-13
 HTTP  4/5/2026 6:39:57 PM ::1 GET /css/chat.css?v=20260322-1
 HTTP  4/5/2026 6:39:57 PM ::1 Returned 200 in 8 ms
 HTTP  4/5/2026 6:39:57 PM ::1 Returned 200 in 2 ms
 HTTP  4/5/2026 6:39:57 PM ::1 Returned 200 in 2 ms
 HTTP  4/5/2026 6:39:57 PM ::1 Returned 200 in 2 ms
 HTTP  4/5/2026 6:39:57 PM ::1 Returned 200 in 2 ms
 HTTP  4/5/2026 6:39:57 PM ::1 Returned 304 in 10 ms
 HTTP  4/5/2026 6:39:57 PM ::1 GET /js/supabase-config.js?v=neo-99-RECOVERY14
 HTTP  4/5/2026 6:39:57 PM ::1 Returned 200 in 2 ms
 HTTP  4/5/2026 6:39:57 PM ::1 GET /js/fastclick.min.js?v=FINAL_FORCE_RECOVERY_30
 HTTP  4/5/2026 6:39:57 PM ::1 GET /lib/cloud/googleDrive.js?v=NEO_SAFE_PHASE28
 HTTP  4/5/2026 6:39:57 PM ::1 Returned 200 in 4 ms
 HTTP  4/5/2026 6:39:57 PM ::1 Returned 200 in 6 ms
 HTTP  4/5/2026 6:39:57 PM ::1 GET /lib/utils.js?v=NEO_SAFE_PHASE28
 HTTP  4/5/2026 6:39:57 PM ::1 GET /js/store.js?v=NEO_SAFE_PHASE28
 HTTP  4/5/2026 6:39:57 PM ::1 Returned 200 in 2 ms
 HTTP  4/5/2026 6:39:57 PM ::1 GET /js/neo-brain.js?v=NEO_SAFE_PHASE28
 HTTP  4/5/2026 6:39:57 PM ::1 Returned 200 in 1 ms
 HTTP  4/5/2026 6:39:57 PM ::1 Returned 200 in 4 ms
 HTTP  4/5/2026 6:39:57 PM ::1 GET /js/gemini.js?v=NEO_SAFE_PHASE28
 HTTP  4/5/2026 6:39:57 PM ::1 Returned 200 in 5 ms
 HTTP  4/5/2026 6:39:57 PM ::1 GET /js/i18n.js?v=NEO_SAFE_PHASE28
 HTTP  4/5/2026 6:39:57 PM ::1 GET /js/doc-engine.js?v=NEO_SAFE_PHASE28
 HTTP  4/5/2026 6:39:57 PM ::1 GET /js/app.js?v=NEO_SAFE_PHASE28
 HTTP  4/5/2026 6:39:57 PM ::1 GET /pages/chat.js?v=NEO_SAFE_PHASE28
 HTTP  4/5/2026 6:39:57 PM ::1 Returned 200 in 5 ms
 HTTP  4/5/2026 6:39:57 PM ::1 Returned 200 in 5 ms
 HTTP  4/5/2026 6:39:57 PM ::1 Returned 200 in 5 ms
 HTTP  4/5/2026 6:39:57 PM ::1 Returned 200 in 5 ms
 HTTP  4/5/2026 6:39:57 PM ::1 GET /
 HTTP  4/5/2026 6:39:57 PM ::1 Returned 200 in 10 ms
 HTTP  4/5/2026 6:39:57 PM ::1 GET /.well-known/appspecific/com.chrome.devtools.json
 HTTP  4/5/2026 6:39:57 PM ::1 GET /css/index.css?v=20260321-13
 HTTP  4/5/2026 6:39:57 PM ::1 GET /css/layout.css?v=20260321-13
 HTTP  4/5/2026 6:39:57 PM ::1 GET /css/chat.css?v=20260322-1
 HTTP  4/5/2026 6:39:57 PM ::1 GET /css/desk.css?v=20260323-1
 HTTP  4/5/2026 6:39:57 PM ::1 GET /css/components.css?v=20260321-13
 HTTP  4/5/2026 6:39:57 PM ::1 Returned 200 in 4 ms
 HTTP  4/5/2026 6:39:57 PM ::1 Returned 200 in 5 ms
 HTTP  4/5/2026 6:39:57 PM ::1 Returned 200 in 6 ms
 HTTP  4/5/2026 6:39:57 PM ::1 Returned 200 in 8 ms
 HTTP  4/5/2026 6:39:57 PM ::1 Returned 200 in 9 ms
 HTTP  4/5/2026 6:39:57 PM ::1 Returned 304 in 16 ms
 HTTP  4/5/2026 6:39:57 PM ::1 GET /js/supabase-config.js?v=neo-99-RECOVERY14
 HTTP  4/5/2026 6:39:57 PM ::1 Returned 200 in 1 ms
 HTTP  4/5/2026 6:39:57 PM ::1 GET /js/fastclick.min.js?v=FINAL_FORCE_RECOVERY_30
 HTTP  4/5/2026 6:39:57 PM ::1 Returned 200 in 8 ms
 HTTP  4/5/2026 6:39:57 PM ::1 GET /lib/utils.js?v=NEO_SAFE_PHASE28
 HTTP  4/5/2026 6:39:57 PM ::1 GET /lib/cloud/googleDrive.js?v=NEO_SAFE_PHASE28
 HTTP  4/5/2026 6:39:57 PM ::1 Returned 200 in 3 ms
 HTTP  4/5/2026 6:39:57 PM ::1 Returned 200 in 4 ms
 HTTP  4/5/2026 6:39:57 PM ::1 GET /js/store.js?v=NEO_SAFE_PHASE28
 HTTP  4/5/2026 6:39:57 PM ::1 GET /js/gemini.js?v=NEO_SAFE_PHASE28
 HTTP  4/5/2026 6:39:57 PM ::1 GET /js/neo-brain.js?v=NEO_SAFE_PHASE28
 HTTP  4/5/2026 6:39:57 PM ::1 Returned 200 in 2 ms
 HTTP  4/5/2026 6:39:57 PM ::1 Returned 200 in 2 ms
 HTTP  4/5/2026 6:39:57 PM ::1 Returned 200 in 2 ms
 HTTP  4/5/2026 6:39:57 PM ::1 GET /js/doc-engine.js?v=NEO_SAFE_PHASE28
 HTTP  4/5/2026 6:39:57 PM ::1 GET /js/i18n.js?v=NEO_SAFE_PHASE28
 HTTP  4/5/2026 6:39:57 PM ::1 Returned 200 in 4 ms
 HTTP  4/5/2026 6:39:57 PM ::1 GET /js/app.js?v=NEO_SAFE_PHASE28
 HTTP  4/5/2026 6:39:57 PM ::1 Returned 200 in 8 ms
 HTTP  4/5/2026 6:39:57 PM ::1 Returned 200 in 5 ms
 HTTP  4/5/2026 6:39:57 PM ::1 GET /pages/chat.js?v=NEO_SAFE_PHASE28
 HTTP  4/5/2026 6:39:57 PM ::1 Returned 200 in 2 ms
 HTTP  4/5/2026 6:39:58 PM ::1 GET /js/StaticLexicon.js?v=2.6.5
 HTTP  4/5/2026 6:39:58 PM ::1 Returned 200 in 1 ms
 HTTP  4/5/2026 6:39:58 PM ::1 GET /js/industries.js?v=2.6.5
 HTTP  4/5/2026 6:39:58 PM ::1 Returned 200 in 1 ms
 HTTP  4/5/2026 6:39:58 PM ::1 GET /js/GoldenKnowledge.js
 HTTP  4/5/2026 6:39:58 PM ::1 Returned 200 in 1 ms
 HTTP  4/5/2026 6:39:58 PM ::1 GET /pages/parseInputToData.js?v=20260321-1
 HTTP  4/5/2026 6:39:58 PM ::1 Returned 200 in 3 ms
 HTTP  4/5/2026 6:39:58 PM ::1 GET /lib/components.js
 HTTP  4/5/2026 6:39:58 PM ::1 GET /lib/cloud/googleDrive.js
 HTTP  4/5/2026 6:39:58 PM ::1 GET /pages/home.js?v=20260321-12
 HTTP  4/5/2026 6:39:58 PM ::1 GET /pages/document-manager.js
 HTTP  4/5/2026 6:39:58 PM ::1 GET /lib/core/neoKnowledgeReset.js
 HTTP  4/5/2026 6:39:58 PM ::1 GET /pages/setup.js
 HTTP  4/5/2026 6:39:58 PM ::1 Returned 200 in 329 ms
 HTTP  4/5/2026 6:39:58 PM ::1 Returned 200 in 332 ms
 HTTP  4/5/2026 6:39:58 PM ::1 Returned 200 in 335 ms
 HTTP  4/5/2026 6:39:58 PM ::1 Returned 200 in 119 ms
 HTTP  4/5/2026 6:39:58 PM ::1 Returned 200 in 48 ms
 HTTP  4/5/2026 6:39:58 PM ::1 Returned 200 in 19 ms
 HTTP  4/5/2026 6:39:58 PM ::1 GET /js/userProfile.js?v=20260321-13
 HTTP  4/5/2026 6:39:58 PM ::1 GET /lib/supabase-knowledge-client.js
 HTTP  4/5/2026 6:39:58 PM ::1 GET /lib/supabase-client.js
 HTTP  4/5/2026 6:39:58 PM ::1 Returned 200 in 10 ms
 HTTP  4/5/2026 6:39:58 PM ::1 Returned 200 in 16 ms
 HTTP  4/5/2026 6:39:58 PM ::1 Returned 200 in 16 ms
 HTTP  4/5/2026 6:39:58 PM ::1 GET /lib/core/intentRouter.js
 HTTP  4/5/2026 6:39:58 PM ::1 GET /lib/export/pdfGenerator.js
 HTTP  4/5/2026 6:39:58 PM ::1 GET /lib/api/geminiClient.js
 HTTP  4/5/2026 6:39:58 PM ::1 Returned 200 in 2 ms
 HTTP  4/5/2026 6:39:58 PM ::1 Returned 200 in 3 ms
 HTTP  4/5/2026 6:39:58 PM ::1 Returned 200 in 4 ms
 HTTP  4/5/2026 6:39:59 PM ::1 GET /locales/ja.json
 HTTP  4/5/2026 6:39:59 PM ::1 Returned 200 in 2 ms
 HTTP  4/5/2026 6:39:59 PM ::1 GET /favicon.ico
 HTTP  4/5/2026 6:39:59 PM ::1 Returned 200 in 15 ms
 HTTP  4/5/2026 6:40:01 PM ::1 GET /views/home.html?v=1775382001153
 HTTP  4/5/2026 6:40:01 PM ::1 Returned 200 in 2 ms
 HTTP  4/5/2026 6:40:01 PM ::1 GET /img/neo_avatar.jpg
 HTTP  4/5/2026 6:40:01 PM ::1 GET /pages/home.js
 HTTP  4/5/2026 6:40:01 PM ::1 Returned 304 in 2 ms
 HTTP  4/5/2026 6:40:01 PM ::1 Returned 304 in 2 ms
 HTTP  4/5/2026 6:40:29 PM ::1 GET /views/project.html?v=1775382029137
 HTTP  4/5/2026 6:40:29 PM ::1 Returned 200 in 2 ms
 HTTP  4/5/2026 6:40:29 PM ::1 GET /pages/project.js
 HTTP  4/5/2026 6:40:29 PM ::1 Returned 304 in 5 ms
 HTTP  4/5/2026 6:40:41 PM ::1 GET /views/home.html?v=1775382041236
 HTTP  4/5/2026 6:40:41 PM ::1 Returned 200 in 2 ms
 HTTP  4/5/2026 6:40:50 PM ::1 GET /views/project.html?v=1775382050769
 HTTP  4/5/2026 6:40:50 PM ::1 Returned 200 in 2 ms
 HTTP  4/5/2026 6:44:24 PM ::1 GET /
 HTTP  4/5/2026 6:44:24 PM ::1 Returned 304 in 10 ms
 HTTP  4/5/2026 6:44:24 PM ::1 GET /css/index.css?v=20260321-13
 HTTP  4/5/2026 6:44:24 PM ::1 GET /css/layout.css?v=20260321-13
 HTTP  4/5/2026 6:44:24 PM ::1 Returned 304 in 19 ms
 HTTP  4/5/2026 6:44:24 PM ::1 GET /css/chat.css?v=20260322-1
 HTTP  4/5/2026 6:44:24 PM ::1 GET /js/fastclick.min.js?v=FINAL_FORCE_RECOVERY_30
 HTTP  4/5/2026 6:44:24 PM ::1 GET /css/desk.css?v=20260323-1
 HTTP  4/5/2026 6:44:24 PM ::1 Returned 304 in 6 ms
 HTTP  4/5/2026 6:44:24 PM ::1 Returned 304 in 2 ms
 HTTP  4/5/2026 6:44:24 PM ::1 GET /css/components.css?v=20260321-13
 HTTP  4/5/2026 6:44:24 PM ::1 Returned 304 in 12 ms
 HTTP  4/5/2026 6:44:24 PM ::1 GET /lib/utils.js?v=NEO_SAFE_PHASE28
 HTTP  4/5/2026 6:44:24 PM ::1 GET /lib/cloud/googleDrive.js?v=NEO_SAFE_PHASE28
 HTTP  4/5/2026 6:44:24 PM ::1 GET /js/supabase-config.js?v=neo-99-RECOVERY14
 HTTP  4/5/2026 6:44:24 PM ::1 Returned 304 in 50 ms
 HTTP  4/5/2026 6:44:24 PM ::1 Returned 304 in 25 ms
 HTTP  4/5/2026 6:44:24 PM ::1 Returned 304 in 2 ms
 HTTP  4/5/2026 6:44:24 PM ::1 Returned 304 in 9 ms
 HTTP  4/5/2026 6:44:24 PM ::1 GET /js/store.js?v=NEO_SAFE_PHASE28
 HTTP  4/5/2026 6:44:24 PM ::1 Returned 304 in 18 ms
 HTTP  4/5/2026 6:44:24 PM ::1 GET /js/gemini.js?v=NEO_SAFE_PHASE28
 HTTP  4/5/2026 6:44:24 PM ::1 GET /js/neo-brain.js?v=NEO_SAFE_PHASE28
 HTTP  4/5/2026 6:44:24 PM ::1 GET /js/doc-engine.js?v=NEO_SAFE_PHASE28
 HTTP  4/5/2026 6:44:24 PM ::1 GET /js/i18n.js?v=NEO_SAFE_PHASE28
 HTTP  4/5/2026 6:44:24 PM ::1 Returned 304 in 37 ms
 HTTP  4/5/2026 6:44:24 PM ::1 Returned 304 in 8 ms
 HTTP  4/5/2026 6:44:24 PM ::1 Returned 304 in 127 ms
 HTTP  4/5/2026 6:44:24 PM ::1 Returned 304 in 189 ms
 HTTP  4/5/2026 6:44:24 PM ::1 GET /js/app.js?v=NEO_SAFE_PHASE28
 HTTP  4/5/2026 6:44:24 PM ::1 Returned 304 in 191 ms
 HTTP  4/5/2026 6:44:24 PM ::1 GET /pages/chat.js?v=NEO_SAFE_PHASE28
 HTTP  4/5/2026 6:44:24 PM ::1 GET /.well-known/appspecific/com.chrome.devtools.json
 HTTP  4/5/2026 6:44:24 PM ::1 Returned 304 in 6 ms
 HTTP  4/5/2026 6:44:24 PM ::1 Returned 304 in 11 ms
 HTTP  4/5/2026 6:44:24 PM ::1 Returned 200 in 36 ms
 HTTP  4/5/2026 6:44:25 PM ::1 GET /js/StaticLexicon.js?v=2.6.5
 HTTP  4/5/2026 6:44:25 PM ::1 GET /js/industries.js?v=2.6.5
 HTTP  4/5/2026 6:44:25 PM ::1 GET /js/GoldenKnowledge.js
 HTTP  4/5/2026 6:44:25 PM ::1 GET /pages/parseInputToData.js?v=20260321-1
 HTTP  4/5/2026 6:44:25 PM ::1 Returned 304 in 48 ms
 HTTP  4/5/2026 6:44:25 PM ::1 Returned 304 in 42 ms
 HTTP  4/5/2026 6:44:25 PM ::1 Returned 304 in 43 ms
 HTTP  4/5/2026 6:44:25 PM ::1 GET /lib/components.js
 HTTP  4/5/2026 6:44:25 PM ::1 GET /lib/cloud/googleDrive.js
 HTTP  4/5/2026 6:44:25 PM ::1 Returned 304 in 9 ms
 HTTP  4/5/2026 6:44:25 PM ::1 GET /pages/home.js?v=20260321-12
 HTTP  4/5/2026 6:44:25 PM ::1 GET /pages/document-manager.js
 HTTP  4/5/2026 6:44:25 PM ::1 GET /pages/setup.js
 HTTP  4/5/2026 6:44:25 PM ::1 Returned 304 in 8 ms
 HTTP  4/5/2026 6:44:25 PM ::1 Returned 304 in 5 ms
 HTTP  4/5/2026 6:44:25 PM ::1 Returned 304 in 6 ms
 HTTP  4/5/2026 6:44:25 PM ::1 GET /js/userProfile.js?v=20260321-13
 HTTP  4/5/2026 6:44:25 PM ::1 Returned 304 in 25 ms
 HTTP  4/5/2026 6:44:25 PM ::1 GET /lib/core/neoKnowledgeReset.js
 HTTP  4/5/2026 6:44:25 PM ::1 GET /lib/supabase-knowledge-client.js
 HTTP  4/5/2026 6:44:25 PM ::1 GET /lib/supabase-client.js
 HTTP  4/5/2026 6:44:25 PM ::1 Returned 304 in 7 ms
 HTTP  4/5/2026 6:44:25 PM ::1 Returned 304 in 40 ms
 HTTP  4/5/2026 6:44:25 PM ::1 Returned 304 in 3 ms
 HTTP  4/5/2026 6:44:25 PM ::1 GET /lib/core/intentRouter.js
 HTTP  4/5/2026 6:44:25 PM ::1 Returned 304 in 8 ms
 HTTP  4/5/2026 6:44:25 PM ::1 GET /lib/api/geminiClient.js
 HTTP  4/5/2026 6:44:25 PM ::1 GET /lib/export/pdfGenerator.js
 HTTP  4/5/2026 6:44:25 PM ::1 Returned 304 in 1 ms
 HTTP  4/5/2026 6:44:25 PM ::1 Returned 304 in 1 ms
 HTTP  4/5/2026 6:44:25 PM ::1 Returned 304 in 15 ms
 HTTP  4/5/2026 6:44:25 PM ::1 Returned 304 in 7 ms
 HTTP  4/5/2026 6:44:25 PM ::1 GET /locales/ja.json
 HTTP  4/5/2026 6:44:25 PM ::1 GET /favicon.ico
 HTTP  4/5/2026 6:44:25 PM ::1 Returned 304 in 4 ms
 HTTP  4/5/2026 6:44:25 PM ::1 Returned 304 in 2 ms
 HTTP  4/5/2026 6:44:26 PM ::1 GET /views/home.html?v=1775382266937
 HTTP  4/5/2026 6:44:26 PM ::1 Returned 200 in 2 ms
 HTTP  4/5/2026 6:44:26 PM ::1 GET /pages/home.js
 HTTP  4/5/2026 6:44:26 PM ::1 GET /img/neo_avatar.jpg
 HTTP  4/5/2026 6:44:26 PM ::1 Returned 304 in 4 ms
 HTTP  4/5/2026 6:44:26 PM ::1 Returned 304 in 3 ms
 HTTP  4/5/2026 6:44:46 PM ::1 GET /views/project.html?v=1775382286736
 HTTP  4/5/2026 6:44:46 PM ::1 Returned 200 in 1 ms
 HTTP  4/5/2026 6:44:46 PM ::1 GET /pages/project.js
 HTTP  4/5/2026 6:44:46 PM ::1 Returned 304 in 0 ms
 HTTP  4/5/2026 6:45:03 PM ::1 GET /views/home.html?v=1775382303386
 HTTP  4/5/2026 6:45:03 PM ::1 Returned 200 in 1 ms
 HTTP  4/5/2026 6:45:04 PM ::1 GET /views/desk.html?v=1775382304019
 HTTP  4/5/2026 6:45:04 PM ::1 Returned 200 in 4 ms
 HTTP  4/5/2026 6:45:04 PM ::1 GET /pages/desk.js
 HTTP  4/5/2026 6:45:04 PM ::1 Returned 304 in 1 ms
 HTTP  4/5/2026 6:45:05 PM ::1 GET /views/account.html?v=1775382305069
 HTTP  4/5/2026 6:45:05 PM ::1 Returned 200 in 4 ms
 HTTP  4/5/2026 6:45:05 PM ::1 GET /pages/account-settings.js
 HTTP  4/5/2026 6:45:05 PM ::1 Returned 304 in 1 ms
 HTTP  4/5/2026 6:45:05 PM ::1 GET /views/wallet.html?v=1775382305969
 HTTP  4/5/2026 6:45:05 PM ::1 Returned 200 in 2 ms
 HTTP  4/5/2026 6:45:05 PM ::1 GET /pages/wallet-render.js
 HTTP  4/5/2026 6:45:05 PM ::1 Returned 304 in 3 ms
 HTTP  4/5/2026 6:45:07 PM ::1 GET /views/desk.html?v=1775382307253
 HTTP  4/5/2026 6:45:07 PM ::1 Returned 200 in 1 ms
 HTTP  4/5/2026 6:46:13 PM ::1 GET /
 HTTP  4/5/2026 6:46:13 PM ::1 Returned 304 in 2 ms
 HTTP  4/5/2026 6:46:13 PM ::1 GET /css/index.css?v=20260321-13
 HTTP  4/5/2026 6:46:13 PM ::1 GET /css/chat.css?v=20260322-1
 HTTP  4/5/2026 6:46:13 PM ::1 Returned 304 in 10 ms
 HTTP  4/5/2026 6:46:13 PM ::1 Returned 304 in 4 ms
 HTTP  4/5/2026 6:46:13 PM ::1 GET /css/desk.css?v=20260323-1
 HTTP  4/5/2026 6:46:13 PM ::1 Returned 304 in 4 ms
 HTTP  4/5/2026 6:46:13 PM ::1 GET /js/fastclick.min.js?v=FINAL_FORCE_RECOVERY_30
 HTTP  4/5/2026 6:46:13 PM ::1 GET /lib/utils.js?v=NEO_SAFE_PHASE28
 HTTP  4/5/2026 6:46:13 PM ::1 GET /css/layout.css?v=20260321-13
 HTTP  4/5/2026 6:46:13 PM ::1 Returned 304 in 6 ms
 HTTP  4/5/2026 6:46:13 PM ::1 Returned 304 in 10 ms
 HTTP  4/5/2026 6:46:13 PM ::1 GET /lib/cloud/googleDrive.js?v=NEO_SAFE_PHASE28
 HTTP  4/5/2026 6:46:13 PM ::1 GET /css/components.css?v=20260321-13
 HTTP  4/5/2026 6:46:13 PM ::1 Returned 304 in 12 ms
 HTTP  4/5/2026 6:46:13 PM ::1 Returned 304 in 3 ms
 HTTP  4/5/2026 6:46:13 PM ::1 GET /js/gemini.js?v=NEO_SAFE_PHASE28
 HTTP  4/5/2026 6:46:13 PM ::1 GET /js/store.js?v=NEO_SAFE_PHASE28
 HTTP  4/5/2026 6:46:13 PM ::1 GET /js/supabase-config.js?v=neo-99-RECOVERY14
 HTTP  4/5/2026 6:46:13 PM ::1 Returned 304 in 7 ms
 HTTP  4/5/2026 6:46:13 PM ::1 Returned 304 in 7 ms
 HTTP  4/5/2026 6:46:13 PM ::1 Returned 304 in 12 ms
 HTTP  4/5/2026 6:46:13 PM ::1 GET /js/neo-brain.js?v=NEO_SAFE_PHASE28
 HTTP  4/5/2026 6:46:13 PM ::1 GET /js/doc-engine.js?v=NEO_SAFE_PHASE28
 HTTP  4/5/2026 6:46:13 PM ::1 GET /js/i18n.js?v=NEO_SAFE_PHASE28
 HTTP  4/5/2026 6:46:13 PM ::1 Returned 304 in 17 ms
 HTTP  4/5/2026 6:46:13 PM ::1 Returned 304 in 5 ms
 HTTP  4/5/2026 6:46:13 PM ::1 Returned 304 in 9 ms
 HTTP  4/5/2026 6:46:13 PM ::1 GET /js/app.js?v=NEO_SAFE_PHASE28
 HTTP  4/5/2026 6:46:13 PM ::1 GET /pages/chat.js?v=NEO_SAFE_PHASE28
 HTTP  4/5/2026 6:46:13 PM ::1 Returned 304 in 13 ms
 HTTP  4/5/2026 6:46:13 PM ::1 Returned 304 in 6 ms
 HTTP  4/5/2026 6:46:13 PM ::1 GET /.well-known/appspecific/com.chrome.devtools.json
 HTTP  4/5/2026 6:46:13 PM ::1 Returned 304 in 3 ms
 HTTP  4/5/2026 6:46:13 PM ::1 Returned 304 in 2 ms
 HTTP  4/5/2026 6:46:13 PM ::1 GET /js/StaticLexicon.js?v=2.6.5
 HTTP  4/5/2026 6:46:13 PM ::1 Returned 304 in 1 ms
 HTTP  4/5/2026 6:46:13 PM ::1 GET /js/industries.js?v=2.6.5
 HTTP  4/5/2026 6:46:13 PM ::1 Returned 304 in 1 ms
 HTTP  4/5/2026 6:46:13 PM ::1 GET /js/GoldenKnowledge.js
 HTTP  4/5/2026 6:46:13 PM ::1 Returned 304 in 2 ms
 HTTP  4/5/2026 6:46:13 PM ::1 GET /pages/parseInputToData.js?v=20260321-1
 HTTP  4/5/2026 6:46:13 PM ::1 Returned 304 in 1 ms
 HTTP  4/5/2026 6:46:13 PM ::1 GET /lib/cloud/googleDrive.js
 HTTP  4/5/2026 6:46:13 PM ::1 GET /lib/components.js
 HTTP  4/5/2026 6:46:13 PM ::1 GET /pages/home.js?v=20260321-12
 HTTP  4/5/2026 6:46:13 PM ::1 GET /pages/setup.js
 HTTP  4/5/2026 6:46:13 PM ::1 GET /pages/document-manager.js
 HTTP  4/5/2026 6:46:13 PM ::1 GET /js/userProfile.js?v=20260321-13
 HTTP  4/5/2026 6:46:13 PM ::1 Returned 304 in 3 ms
 HTTP  4/5/2026 6:46:13 PM ::1 Returned 304 in 6 ms
 HTTP  4/5/2026 6:46:13 PM ::1 Returned 304 in 5 ms
 HTTP  4/5/2026 6:46:13 PM ::1 Returned 304 in 9 ms
 HTTP  4/5/2026 6:46:13 PM ::1 Returned 304 in 12 ms
 HTTP  4/5/2026 6:46:13 PM ::1 GET /lib/export/pdfGenerator.js
 HTTP  4/5/2026 6:46:13 PM ::1 Returned 304 in 12 ms
 HTTP  4/5/2026 6:46:13 PM ::1 GET /lib/core/neoKnowledgeReset.js
 HTTP  4/5/2026 6:46:13 PM ::1 GET /lib/supabase-knowledge-client.js
 HTTP  4/5/2026 6:46:13 PM ::1 GET /lib/supabase-client.js
 HTTP  4/5/2026 6:46:13 PM ::1 GET /lib/core/intentRouter.js
 HTTP  4/5/2026 6:46:13 PM ::1 Returned 304 in 3 ms
 HTTP  4/5/2026 6:46:13 PM ::1 Returned 304 in 2 ms
 HTTP  4/5/2026 6:46:13 PM ::1 Returned 304 in 2 ms
 HTTP  4/5/2026 6:46:13 PM ::1 Returned 304 in 6 ms
 HTTP  4/5/2026 6:46:13 PM ::1 GET /lib/api/geminiClient.js
 HTTP  4/5/2026 6:46:13 PM ::1 Returned 304 in 7 ms
 HTTP  4/5/2026 6:46:13 PM ::1 Returned 304 in 1 ms
 HTTP  4/5/2026 6:46:13 PM ::1 GET /favicon.ico
 HTTP  4/5/2026 6:46:13 PM ::1 GET /locales/ja.json
 HTTP  4/5/2026 6:46:13 PM ::1 Returned 304 in 35 ms
 HTTP  4/5/2026 6:46:13 PM ::1 Returned 304 in 114 ms
 HTTP  4/5/2026 6:46:15 PM ::1 GET /views/home.html?v=1775382375220
 HTTP  4/5/2026 6:46:15 PM ::1 Returned 200 in 1 ms
 HTTP  4/5/2026 6:46:15 PM ::1 GET /pages/home.js
 HTTP  4/5/2026 6:46:15 PM ::1 GET /img/neo_avatar.jpg
 HTTP  4/5/2026 6:46:15 PM ::1 Returned 304 in 3 ms
 HTTP  4/5/2026 6:46:15 PM ::1 Returned 304 in 3 ms
 HTTP  4/5/2026 6:46:16 PM ::1 GET /views/account.html?v=1775382376403
 HTTP  4/5/2026 6:46:16 PM ::1 Returned 200 in 1 ms
 HTTP  4/5/2026 6:46:16 PM ::1 GET /pages/account-settings.js
 HTTP  4/5/2026 6:46:16 PM ::1 Returned 304 in 1 ms
 HTTP  4/5/2026 6:46:25 PM ::1 GET /
 HTTP  4/5/2026 6:46:25 PM ::1 Returned 304 in 1 ms
 HTTP  4/5/2026 6:46:25 PM ::1 GET /.well-known/appspecific/com.chrome.devtools.json
 HTTP  4/5/2026 6:46:25 PM ::1 GET /css/index.css?v=20260321-13
 HTTP  4/5/2026 6:46:25 PM ::1 Returned 304 in 10 ms
 HTTP  4/5/2026 6:46:25 PM ::1 Returned 304 in 23 ms
 HTTP  4/5/2026 6:46:25 PM ::1 GET /js/supabase-config.js?v=neo-99-RECOVERY14
 HTTP  4/5/2026 6:46:25 PM ::1 GET /css/layout.css?v=20260321-13
 HTTP  4/5/2026 6:46:25 PM ::1 GET /js/fastclick.min.js?v=FINAL_FORCE_RECOVERY_30
 HTTP  4/5/2026 6:46:25 PM ::1 Returned 304 in 6 ms
 HTTP  4/5/2026 6:46:25 PM ::1 Returned 304 in 6 ms
 HTTP  4/5/2026 6:46:25 PM ::1 GET /css/chat.css?v=20260322-1
 HTTP  4/5/2026 6:46:25 PM ::1 Returned 304 in 8 ms
 HTTP  4/5/2026 6:46:25 PM ::1 Returned 304 in 2 ms
 HTTP  4/5/2026 6:46:25 PM ::1 GET /lib/utils.js?v=NEO_SAFE_PHASE28
 HTTP  4/5/2026 6:46:25 PM ::1 GET /js/store.js?v=NEO_SAFE_PHASE28
 HTTP  4/5/2026 6:46:25 PM ::1 GET /css/components.css?v=20260321-13
 HTTP  4/5/2026 6:46:25 PM ::1 GET /lib/cloud/googleDrive.js?v=NEO_SAFE_PHASE28
 HTTP  4/5/2026 6:46:25 PM ::1 Returned 304 in 1 ms
 HTTP  4/5/2026 6:46:25 PM ::1 Returned 304 in 1 ms
 HTTP  4/5/2026 6:46:25 PM ::1 Returned 304 in 1 ms
 HTTP  4/5/2026 6:46:25 PM ::1 GET /js/gemini.js?v=NEO_SAFE_PHASE28
 HTTP  4/5/2026 6:46:25 PM ::1 GET /css/desk.css?v=20260323-1
 HTTP  4/5/2026 6:46:25 PM ::1 Returned 304 in 3 ms
 HTTP  4/5/2026 6:46:25 PM ::1 Returned 304 in 1 ms
 HTTP  4/5/2026 6:46:25 PM ::1 GET /js/neo-brain.js?v=NEO_SAFE_PHASE28
 HTTP  4/5/2026 6:46:25 PM ::1 GET /js/doc-engine.js?v=NEO_SAFE_PHASE28
 HTTP  4/5/2026 6:46:25 PM ::1 GET /js/i18n.js?v=NEO_SAFE_PHASE28
 HTTP  4/5/2026 6:46:25 PM ::1 Returned 304 in 4 ms
 HTTP  4/5/2026 6:46:25 PM ::1 Returned 304 in 4 ms
 HTTP  4/5/2026 6:46:25 PM ::1 Returned 304 in 4 ms
 HTTP  4/5/2026 6:46:25 PM ::1 GET /js/app.js?v=NEO_SAFE_PHASE28
 HTTP  4/5/2026 6:46:25 PM ::1 GET /pages/chat.js?v=NEO_SAFE_PHASE28
 HTTP  4/5/2026 6:46:25 PM ::1 Returned 304 in 13 ms
 HTTP  4/5/2026 6:46:25 PM ::1 Returned 304 in 10 ms
 HTTP  4/5/2026 6:46:25 PM ::1 Returned 304 in 11 ms
 HTTP  4/5/2026 6:46:25 PM ::1 GET /js/StaticLexicon.js?v=2.6.5
 HTTP  4/5/2026 6:46:26 PM ::1 GET /js/industries.js?v=2.6.5
 HTTP  4/5/2026 6:46:25 PM ::1 Returned 304 in 18 ms
 HTTP  4/5/2026 6:46:26 PM ::1 Returned 304 in 15 ms
 HTTP  4/5/2026 6:46:26 PM ::1 GET /js/GoldenKnowledge.js
 HTTP  4/5/2026 6:46:26 PM ::1 GET /pages/parseInputToData.js?v=20260321-1
 HTTP  4/5/2026 6:46:26 PM ::1 Returned 304 in 2 ms
 HTTP  4/5/2026 6:46:26 PM ::1 Returned 304 in 2 ms
 HTTP  4/5/2026 6:46:26 PM ::1 GET /lib/components.js
 HTTP  4/5/2026 6:46:26 PM ::1 Returned 304 in 2 ms
 HTTP  4/5/2026 6:46:26 PM ::1 GET /lib/cloud/googleDrive.js
 HTTP  4/5/2026 6:46:26 PM ::1 Returned 304 in 2 ms
 HTTP  4/5/2026 6:46:26 PM ::1 GET /pages/home.js?v=20260321-12
 HTTP  4/5/2026 6:46:26 PM ::1 Returned 304 in 4 ms
 HTTP  4/5/2026 6:46:26 PM ::1 GET /pages/setup.js
 HTTP  4/5/2026 6:46:26 PM ::1 Returned 304 in 2 ms
 HTTP  4/5/2026 6:46:26 PM ::1 GET /pages/document-manager.js
 HTTP  4/5/2026 6:46:26 PM ::1 Returned 304 in 4 ms
 HTTP  4/5/2026 6:46:26 PM ::1 GET /js/userProfile.js?v=20260321-13
 HTTP  4/5/2026 6:46:26 PM ::1 Returned 304 in 2 ms
 HTTP  4/5/2026 6:46:26 PM ::1 GET /lib/core/neoKnowledgeReset.js
 HTTP  4/5/2026 6:46:26 PM ::1 GET /lib/supabase-knowledge-client.js
 HTTP  4/5/2026 6:46:26 PM ::1 GET /lib/supabase-client.js
 HTTP  4/5/2026 6:46:26 PM ::1 GET /lib/core/intentRouter.js
 HTTP  4/5/2026 6:46:26 PM ::1 GET /lib/export/pdfGenerator.js
 HTTP  4/5/2026 6:46:26 PM ::1 GET /lib/api/geminiClient.js
 HTTP  4/5/2026 6:46:26 PM ::1 Returned 304 in 8 ms
 HTTP  4/5/2026 6:46:26 PM ::1 Returned 304 in 6 ms
 HTTP  4/5/2026 6:46:26 PM ::1 Returned 304 in 3 ms
 HTTP  4/5/2026 6:46:26 PM ::1 Returned 304 in 3 ms
 HTTP  4/5/2026 6:46:26 PM ::1 Returned 304 in 4 ms
 HTTP  4/5/2026 6:46:26 PM ::1 Returned 304 in 4 ms
 HTTP  4/5/2026 6:46:26 PM ::1 GET /locales/ja.json
 HTTP  4/5/2026 6:46:26 PM ::1 GET /favicon.ico
 HTTP  4/5/2026 6:46:26 PM ::1 Returned 304 in 48 ms
 HTTP  4/5/2026 6:46:26 PM ::1 Returned 304 in 99 ms
 HTTP  4/5/2026 6:46:27 PM ::1 GET /views/home.html?v=1775382387670
 HTTP  4/5/2026 6:46:27 PM ::1 Returned 200 in 1 ms
 HTTP  4/5/2026 6:46:27 PM ::1 GET /img/neo_avatar.jpg
 HTTP  4/5/2026 6:46:27 PM ::1 GET /pages/home.js
 HTTP  4/5/2026 6:46:27 PM ::1 Returned 304 in 3 ms
 HTTP  4/5/2026 6:46:27 PM ::1 Returned 304 in 7 ms
 HTTP  4/5/2026 6:46:29 PM ::1 GET /views/project.html?v=1775382389402
 HTTP  4/5/2026 6:46:29 PM ::1 Returned 200 in 3 ms
 HTTP  4/5/2026 6:46:29 PM ::1 GET /pages/project.js
 HTTP  4/5/2026 6:46:29 PM ::1 Returned 304 in 0 ms
 HTTP  4/5/2026 6:46:30 PM ::1 GET /views/home.html?v=1775382390236
 HTTP  4/5/2026 6:46:30 PM ::1 Returned 200 in 2 ms
 HTTP  4/5/2026 6:46:43 PM ::1 GET /views/project.html?v=1775382403719
 HTTP  4/5/2026 6:46:43 PM ::1 Returned 200 in 1 ms
 HTTP  4/5/2026 6:49:22 PM ::1 GET /
 HTTP  4/5/2026 6:49:22 PM ::1 Returned 304 in 9 ms
 HTTP  4/5/2026 6:49:22 PM ::1 GET /css/index.css?v=20260321-13
 HTTP  4/5/2026 6:49:22 PM ::1 GET /css/layout.css?v=20260321-13
 HTTP  4/5/2026 6:49:22 PM ::1 Returned 304 in 10 ms
 HTTP  4/5/2026 6:49:22 PM ::1 Returned 304 in 1 ms
 HTTP  4/5/2026 6:49:22 PM ::1 GET /css/chat.css?v=20260322-1
 HTTP  4/5/2026 6:49:22 PM ::1 GET /css/desk.css?v=20260323-1
 HTTP  4/5/2026 6:49:22 PM ::1 GET /js/supabase-config.js?v=neo-99-RECOVERY14
 HTTP  4/5/2026 6:49:22 PM ::1 Returned 304 in 101 ms
 HTTP  4/5/2026 6:49:22 PM ::1 Returned 304 in 136 ms
 HTTP  4/5/2026 6:49:22 PM ::1 Returned 304 in 136 ms
 HTTP  4/5/2026 6:49:22 PM ::1 GET /css/components.css?v=20260321-13
 HTTP  4/5/2026 6:49:22 PM ::1 GET /lib/cloud/googleDrive.js?v=NEO_SAFE_PHASE28
 HTTP  4/5/2026 6:49:22 PM ::1 Returned 304 in 2 ms
 HTTP  4/5/2026 6:49:23 PM ::1 GET /js/fastclick.min.js?v=FINAL_FORCE_RECOVERY_30
 HTTP  4/5/2026 6:49:22 PM ::1 Returned 304 in 75 ms
 HTTP  4/5/2026 6:49:23 PM ::1 Returned 304 in 7 ms
 HTTP  4/5/2026 6:49:23 PM ::1 GET /js/store.js?v=NEO_SAFE_PHASE28
 HTTP  4/5/2026 6:49:23 PM ::1 GET /js/gemini.js?v=NEO_SAFE_PHASE28
 HTTP  4/5/2026 6:49:23 PM ::1 GET /js/neo-brain.js?v=NEO_SAFE_PHASE28
 HTTP  4/5/2026 6:49:23 PM ::1 GET /lib/utils.js?v=NEO_SAFE_PHASE28
 HTTP  4/5/2026 6:49:23 PM ::1 Returned 304 in 36 ms
 HTTP  4/5/2026 6:49:23 PM ::1 Returned 304 in 36 ms
 HTTP  4/5/2026 6:49:23 PM ::1 GET /js/doc-engine.js?v=NEO_SAFE_PHASE28
 HTTP  4/5/2026 6:49:23 PM ::1 GET /js/i18n.js?v=NEO_SAFE_PHASE28
 HTTP  4/5/2026 6:49:23 PM ::1 Returned 304 in 40 ms
 HTTP  4/5/2026 6:49:23 PM ::1 Returned 304 in 2 ms
 HTTP  4/5/2026 6:49:23 PM ::1 GET /js/app.js?v=NEO_SAFE_PHASE28
 HTTP  4/5/2026 6:49:23 PM ::1 GET /pages/chat.js?v=NEO_SAFE_PHASE28
 HTTP  4/5/2026 6:49:23 PM ::1 Returned 304 in 4 ms
 HTTP  4/5/2026 6:49:23 PM ::1 GET /.well-known/appspecific/com.chrome.devtools.json
 HTTP  4/5/2026 6:49:23 PM ::1 GET /js/StaticLexicon.js?v=2.6.5
 HTTP  4/5/2026 6:49:23 PM ::1 Returned 304 in 7 ms
 HTTP  4/5/2026 6:49:23 PM ::1 Returned 200 in 54 ms
 HTTP  4/5/2026 6:49:23 PM ::1 GET /js/industries.js?v=2.6.5
 HTTP  4/5/2026 6:49:23 PM ::1 GET /js/GoldenKnowledge.js
 HTTP  4/5/2026 6:49:23 PM ::1 Returned 304 in 5 ms
 HTTP  4/5/2026 6:49:23 PM ::1 Returned 304 in 7 ms
 HTTP  4/5/2026 6:49:23 PM ::1 Returned 304 in 6 ms
 HTTP  4/5/2026 6:49:23 PM ::1 Returned 304 in 6 ms
 HTTP  4/5/2026 6:49:23 PM ::1 GET /pages/parseInputToData.js?v=20260321-1
 HTTP  4/5/2026 6:49:23 PM ::1 Returned 304 in 65 ms
 HTTP  4/5/2026 6:49:23 PM ::1 Returned 200 in 91 ms
 HTTP  4/5/2026 6:49:23 PM ::1 GET /lib/core/intentRouter.js
 HTTP  4/5/2026 6:49:23 PM ::1 GET /lib/export/pdfGenerator.js
 HTTP  4/5/2026 6:49:23 PM ::1 GET /lib/api/geminiClient.js
 HTTP  4/5/2026 6:49:23 PM ::1 GET /lib/supabase-client.js
 HTTP  4/5/2026 6:49:23 PM ::1 Returned 304 in 16 ms
 HTTP  4/5/2026 6:49:23 PM ::1 Returned 304 in 15 ms
 HTTP  4/5/2026 6:49:23 PM ::1 Returned 304 in 6 ms
 HTTP  4/5/2026 6:49:23 PM ::1 Returned 304 in 3 ms
 HTTP  4/5/2026 6:49:23 PM ::1 GET /lib/cloud/googleDrive.js
 HTTP  4/5/2026 6:49:23 PM ::1 GET /lib/components.js
 HTTP  4/5/2026 6:49:23 PM ::1 GET /pages/home.js?v=20260321-12
 HTTP  4/5/2026 6:49:23 PM ::1 GET /pages/setup.js
 HTTP  4/5/2026 6:49:23 PM ::1 Returned 304 in 2 ms
 HTTP  4/5/2026 6:49:23 PM ::1 Returned 304 in 2 ms
 HTTP  4/5/2026 6:49:23 PM ::1 Returned 304 in 6 ms
 HTTP  4/5/2026 6:49:23 PM ::1 GET /pages/document-manager.js
 HTTP  4/5/2026 6:49:23 PM ::1 Returned 304 in 7 ms
 HTTP  4/5/2026 6:49:23 PM ::1 GET /js/userProfile.js?v=20260321-13
 HTTP  4/5/2026 6:49:23 PM ::1 GET /lib/core/neoKnowledgeReset.js
 HTTP  4/5/2026 6:49:23 PM ::1 GET /lib/supabase-knowledge-client.js
 HTTP  4/5/2026 6:49:23 PM ::1 Returned 304 in 2 ms
 HTTP  4/5/2026 6:49:23 PM ::1 Returned 304 in 1 ms
 HTTP  4/5/2026 6:49:23 PM ::1 Returned 304 in 2 ms
 HTTP  4/5/2026 6:49:23 PM ::1 Returned 304 in 3 ms
 HTTP  4/5/2026 6:49:23 PM ::1 GET /locales/ja.json
 HTTP  4/5/2026 6:49:23 PM ::1 GET /favicon.ico
 HTTP  4/5/2026 6:49:23 PM ::1 Returned 304 in 1 ms
 HTTP  4/5/2026 6:49:23 PM ::1 Returned 304 in 3 ms
 HTTP  4/5/2026 6:49:24 PM ::1 GET /
 HTTP  4/5/2026 6:49:24 PM ::1 Returned 200 in 1 ms
 HTTP  4/5/2026 6:49:24 PM ::1 GET /.well-known/appspecific/com.chrome.devtools.json
 HTTP  4/5/2026 6:49:24 PM ::1 Returned 304 in 11 ms
 HTTP  4/5/2026 6:49:24 PM ::1 GET /css/index.css?v=20260321-13
 HTTP  4/5/2026 6:49:24 PM ::1 GET /css/layout.css?v=20260321-13
 HTTP  4/5/2026 6:49:24 PM ::1 GET /css/chat.css?v=20260322-1
 HTTP  4/5/2026 6:49:24 PM ::1 GET /css/desk.css?v=20260323-1
 HTTP  4/5/2026 6:49:24 PM ::1 GET /css/components.css?v=20260321-13
 HTTP  4/5/2026 6:49:24 PM ::1 Returned 200 in 4 ms
 HTTP  4/5/2026 6:49:24 PM ::1 Returned 200 in 3 ms
 HTTP  4/5/2026 6:49:24 PM ::1 Returned 200 in 1 ms
 HTTP  4/5/2026 6:49:24 PM ::1 Returned 200 in 1 ms
 HTTP  4/5/2026 6:49:24 PM ::1 GET /js/supabase-config.js?v=neo-99-RECOVERY14
 HTTP  4/5/2026 6:49:24 PM ::1 Returned 200 in 1 ms
 HTTP  4/5/2026 6:49:24 PM ::1 Returned 200 in 0 ms
 HTTP  4/5/2026 6:49:24 PM ::1 GET /js/fastclick.min.js?v=FINAL_FORCE_RECOVERY_30
 HTTP  4/5/2026 6:49:24 PM ::1 Returned 200 in 5 ms
 HTTP  4/5/2026 6:49:24 PM ::1 GET /lib/utils.js?v=NEO_SAFE_PHASE28
 HTTP  4/5/2026 6:49:24 PM ::1 GET /lib/cloud/googleDrive.js?v=NEO_SAFE_PHASE28
 HTTP  4/5/2026 6:49:24 PM ::1 GET /js/store.js?v=NEO_SAFE_PHASE28
 HTTP  4/5/2026 6:49:24 PM ::1 Returned 200 in 1 ms
 HTTP  4/5/2026 6:49:24 PM ::1 Returned 200 in 1 ms
 HTTP  4/5/2026 6:49:24 PM ::1 Returned 200 in 1 ms
 HTTP  4/5/2026 6:49:24 PM ::1 GET /js/gemini.js?v=NEO_SAFE_PHASE28
 HTTP  4/5/2026 6:49:24 PM ::1 GET /js/neo-brain.js?v=NEO_SAFE_PHASE28
 HTTP  4/5/2026 6:49:24 PM ::1 Returned 200 in 2 ms
 HTTP  4/5/2026 6:49:24 PM ::1 Returned 200 in 9 ms
 HTTP  4/5/2026 6:49:24 PM ::1 GET /js/doc-engine.js?v=NEO_SAFE_PHASE28
 HTTP  4/5/2026 6:49:24 PM ::1 GET /js/i18n.js?v=NEO_SAFE_PHASE28
 HTTP  4/5/2026 6:49:24 PM ::1 GET /pages/chat.js?v=NEO_SAFE_PHASE28
 HTTP  4/5/2026 6:49:24 PM ::1 GET /js/app.js?v=NEO_SAFE_PHASE28
 HTTP  4/5/2026 6:49:24 PM ::1 Returned 200 in 2 ms
 HTTP  4/5/2026 6:49:24 PM ::1 Returned 200 in 2 ms
 HTTP  4/5/2026 6:49:24 PM ::1 Returned 200 in 1 ms
 HTTP  4/5/2026 6:49:24 PM ::1 Returned 200 in 1 ms
 HTTP  4/5/2026 6:49:24 PM ::1 GET /
 HTTP  4/5/2026 6:49:24 PM ::1 Returned 200 in 14 ms
 HTTP  4/5/2026 6:49:25 PM ::1 GET /.well-known/appspecific/com.chrome.devtools.json
 HTTP  4/5/2026 6:49:25 PM ::1 GET /css/index.css?v=20260321-13
 HTTP  4/5/2026 6:49:25 PM ::1 GET /css/layout.css?v=20260321-13
 HTTP  4/5/2026 6:49:25 PM ::1 GET /css/chat.css?v=20260322-1
 HTTP  4/5/2026 6:49:25 PM ::1 Returned 200 in 35 ms
 HTTP  4/5/2026 6:49:25 PM ::1 GET /css/desk.css?v=20260323-1
 HTTP  4/5/2026 6:49:25 PM ::1 GET /css/components.css?v=20260321-13
 HTTP  4/5/2026 6:49:25 PM ::1 Returned 200 in 61 ms
 HTTP  4/5/2026 6:49:25 PM ::1 Returned 304 in 67 ms
 HTTP  4/5/2026 6:49:25 PM ::1 Returned 200 in 30 ms
 HTTP  4/5/2026 6:49:25 PM ::1 Returned 200 in 29 ms
 HTTP  4/5/2026 6:49:25 PM ::1 Returned 200 in 36 ms
 HTTP  4/5/2026 6:49:25 PM ::1 GET /js/supabase-config.js?v=neo-99-RECOVERY14
 HTTP  4/5/2026 6:49:25 PM ::1 Returned 200 in 5 ms
 HTTP  4/5/2026 6:49:25 PM ::1 GET /js/fastclick.min.js?v=FINAL_FORCE_RECOVERY_30
 HTTP  4/5/2026 6:49:25 PM ::1 Returned 200 in 5 ms
 HTTP  4/5/2026 6:49:25 PM ::1 GET /
 HTTP  4/5/2026 6:49:25 PM ::1 GET /js/store.js?v=NEO_SAFE_PHASE28
 HTTP  4/5/2026 6:49:25 PM ::1 Returned 200 in 6 ms
 HTTP  4/5/2026 6:49:25 PM ::1 GET /lib/cloud/googleDrive.js?v=NEO_SAFE_PHASE28
 HTTP  4/5/2026 6:49:25 PM ::1 Returned 200 in 3 ms
 HTTP  4/5/2026 6:49:25 PM ::1 Returned 200 in 9 ms
 HTTP  4/5/2026 6:49:25 PM ::1 GET /js/neo-brain.js?v=NEO_SAFE_PHASE28
 HTTP  4/5/2026 6:49:25 PM ::1 GET /lib/utils.js?v=NEO_SAFE_PHASE28
 HTTP  4/5/2026 6:49:25 PM ::1 Returned 200 in 7 ms
 HTTP  4/5/2026 6:49:25 PM ::1 Returned 200 in 6 ms
 HTTP  4/5/2026 6:49:25 PM ::1 GET /js/gemini.js?v=NEO_SAFE_PHASE28
 HTTP  4/5/2026 6:49:25 PM ::1 Returned 200 in 2 ms
 HTTP  4/5/2026 6:49:25 PM ::1 GET /js/doc-engine.js?v=NEO_SAFE_PHASE28
 HTTP  4/5/2026 6:49:25 PM ::1 GET /js/i18n.js?v=NEO_SAFE_PHASE28
 HTTP  4/5/2026 6:49:25 PM ::1 Returned 200 in 8 ms
 HTTP  4/5/2026 6:49:25 PM ::1 Returned 200 in 7 ms
 HTTP  4/5/2026 6:49:25 PM ::1 GET /js/app.js?v=NEO_SAFE_PHASE28
 HTTP  4/5/2026 6:49:25 PM ::1 GET /pages/chat.js?v=NEO_SAFE_PHASE28
 HTTP  4/5/2026 6:49:25 PM ::1 Returned 200 in 126 ms
 HTTP  4/5/2026 6:49:25 PM ::1 Returned 200 in 141 ms
 HTTP  4/5/2026 6:49:25 PM ::1 GET /.well-known/appspecific/com.chrome.devtools.json
 HTTP  4/5/2026 6:49:25 PM ::1 GET /css/index.css?v=20260321-13
 HTTP  4/5/2026 6:49:25 PM ::1 GET /css/layout.css?v=20260321-13
 HTTP  4/5/2026 6:49:25 PM ::1 GET /css/chat.css?v=20260322-1
 HTTP  4/5/2026 6:49:25 PM ::1 GET /css/desk.css?v=20260323-1
 HTTP  4/5/2026 6:49:25 PM ::1 Returned 200 in 9 ms
 HTTP  4/5/2026 6:49:25 PM ::1 GET /css/components.css?v=20260321-13
 HTTP  4/5/2026 6:49:25 PM ::1 Returned 200 in 8 ms
 HTTP  4/5/2026 6:49:25 PM ::1 Returned 200 in 14 ms
 HTTP  4/5/2026 6:49:25 PM ::1 Returned 200 in 23 ms
 HTTP  4/5/2026 6:49:25 PM ::1 Returned 304 in 25 ms
 HTTP  4/5/2026 6:49:25 PM ::1 Returned 200 in 21 ms
 HTTP  4/5/2026 6:49:25 PM ::1 GET /js/supabase-config.js?v=neo-99-RECOVERY14
 HTTP  4/5/2026 6:49:25 PM ::1 Returned 200 in 6 ms
 HTTP  4/5/2026 6:49:25 PM ::1 GET /js/fastclick.min.js?v=FINAL_FORCE_RECOVERY_30
 HTTP  4/5/2026 6:49:25 PM ::1 GET /lib/utils.js?v=NEO_SAFE_PHASE28
 HTTP  4/5/2026 6:49:25 PM ::1 GET /lib/cloud/googleDrive.js?v=NEO_SAFE_PHASE28
 HTTP  4/5/2026 6:49:25 PM ::1 Returned 200 in 5 ms
 HTTP  4/5/2026 6:49:25 PM ::1 Returned 200 in 8 ms
 HTTP  4/5/2026 6:49:25 PM ::1 GET /js/store.js?v=NEO_SAFE_PHASE28
 HTTP  4/5/2026 6:49:25 PM ::1 Returned 200 in 9 ms
 HTTP  4/5/2026 6:49:25 PM ::1 GET /js/gemini.js?v=NEO_SAFE_PHASE28
 HTTP  4/5/2026 6:49:25 PM ::1 GET /js/neo-brain.js?v=NEO_SAFE_PHASE28
 HTTP  4/5/2026 6:49:25 PM ::1 Returned 200 in 1 ms
 HTTP  4/5/2026 6:49:25 PM ::1 Returned 200 in 1 ms
 HTTP  4/5/2026 6:49:25 PM ::1 Returned 200 in 1 ms
 HTTP  4/5/2026 6:49:25 PM ::1 GET /js/doc-engine.js?v=NEO_SAFE_PHASE28
 HTTP  4/5/2026 6:49:25 PM ::1 GET /js/i18n.js?v=NEO_SAFE_PHASE28
 HTTP  4/5/2026 6:49:25 PM ::1 Returned 200 in 8 ms
 HTTP  4/5/2026 6:49:25 PM ::1 GET /js/app.js?v=NEO_SAFE_PHASE28
 HTTP  4/5/2026 6:49:25 PM ::1 Returned 200 in 13 ms
 HTTP  4/5/2026 6:49:25 PM ::1 GET /pages/chat.js?v=NEO_SAFE_PHASE28
 HTTP  4/5/2026 6:49:25 PM ::1 Returned 200 in 7 ms
 HTTP  4/5/2026 6:49:25 PM ::1 Returned 200 in 33 ms
 HTTP  4/5/2026 6:49:25 PM ::1 GET /js/StaticLexicon.js?v=2.6.5
 HTTP  4/5/2026 6:49:25 PM ::1 Returned 200 in 1 ms
 HTTP  4/5/2026 6:49:25 PM ::1 GET /js/industries.js?v=2.6.5
 HTTP  4/5/2026 6:49:25 PM ::1 Returned 200 in 6 ms
 HTTP  4/5/2026 6:49:25 PM ::1 GET /js/GoldenKnowledge.js
 HTTP  4/5/2026 6:49:25 PM ::1 GET /pages/parseInputToData.js?v=20260321-1
 HTTP  4/5/2026 6:49:25 PM ::1 Returned 200 in 1 ms
 HTTP  4/5/2026 6:49:25 PM ::1 Returned 200 in 2 ms
 HTTP  4/5/2026 6:49:25 PM ::1 GET /pages/document-manager.js
 HTTP  4/5/2026 6:49:25 PM ::1 GET /js/userProfile.js?v=20260321-13
 HTTP  4/5/2026 6:49:25 PM ::1 GET /lib/components.js
 HTTP  4/5/2026 6:49:25 PM ::1 GET /lib/cloud/googleDrive.js
 HTTP  4/5/2026 6:49:25 PM ::1 GET /pages/setup.js
 HTTP  4/5/2026 6:49:25 PM ::1 GET /lib/supabase-knowledge-client.js
 HTTP  4/5/2026 6:49:25 PM ::1 Returned 200 in 9 ms
 HTTP  4/5/2026 6:49:25 PM ::1 Returned 200 in 8 ms
 HTTP  4/5/2026 6:49:25 PM ::1 Returned 200 in 8 ms
 HTTP  4/5/2026 6:49:25 PM ::1 Returned 200 in 6 ms
 HTTP  4/5/2026 6:49:25 PM ::1 Returned 200 in 2 ms
 HTTP  4/5/2026 6:49:25 PM ::1 Returned 200 in 2 ms
 HTTP  4/5/2026 6:49:25 PM ::1 GET /lib/core/intentRouter.js
 HTTP  4/5/2026 6:49:25 PM ::1 Returned 200 in 2 ms
 HTTP  4/5/2026 6:49:25 PM ::1 GET /pages/home.js?v=20260321-12
 HTTP  4/5/2026 6:49:25 PM ::1 GET /lib/core/neoKnowledgeReset.js
 HTTP  4/5/2026 6:49:25 PM ::1 GET /lib/supabase-client.js
 HTTP  4/5/2026 6:49:25 PM ::1 Returned 200 in 5 ms
 HTTP  4/5/2026 6:49:25 PM ::1 Returned 200 in 4 ms
 HTTP  4/5/2026 6:49:25 PM ::1 GET /lib/export/pdfGenerator.js
 HTTP  4/5/2026 6:49:25 PM ::1 Returned 200 in 4 ms
 HTTP  4/5/2026 6:49:25 PM ::1 GET /lib/api/geminiClient.js
 HTTP  4/5/2026 6:49:25 PM ::1 Returned 200 in 24 ms
 HTTP  4/5/2026 6:49:25 PM ::1 Returned 200 in 24 ms
 HTTP  4/5/2026 6:49:26 PM ::1 GET /locales/ja.json
 HTTP  4/5/2026 6:49:26 PM ::1 Returned 200 in 4 ms
 HTTP  4/5/2026 6:49:26 PM ::1 GET /favicon.ico
 HTTP  4/5/2026 6:49:26 PM ::1 Returned 200 in 9 ms
 HTTP  4/5/2026 6:49:28 PM ::1 GET /views/home.html?v=1775382568508
 HTTP  4/5/2026 6:49:28 PM ::1 Returned 200 in 2 ms
 HTTP  4/5/2026 6:49:28 PM ::1 GET /img/neo_avatar.jpg
 HTTP  4/5/2026 6:49:28 PM ::1 GET /pages/home.js
 HTTP  4/5/2026 6:49:28 PM ::1 Returned 304 in 3 ms
 HTTP  4/5/2026 6:49:28 PM ::1 Returned 304 in 4 ms
 HTTP  4/5/2026 6:49:45 PM ::1 GET /views/project.html?v=1775382585521
 HTTP  4/5/2026 6:49:45 PM ::1 Returned 200 in 2 ms
 HTTP  4/5/2026 6:49:45 PM ::1 GET /pages/project.js
 HTTP  4/5/2026 6:49:45 PM ::1 Returned 304 in 1 ms
 HTTP  4/5/2026 6:54:33 PM ::1 GET /
 HTTP  4/5/2026 6:54:33 PM ::1 Returned 304 in 9 ms
 HTTP  4/5/2026 6:54:33 PM ::1 GET /css/index.css?v=20260321-13
 HTTP  4/5/2026 6:54:33 PM ::1 GET /css/layout.css?v=20260321-13
 HTTP  4/5/2026 6:54:33 PM ::1 Returned 304 in 3 ms
 HTTP  4/5/2026 6:54:33 PM ::1 Returned 304 in 5 ms
 HTTP  4/5/2026 6:54:33 PM ::1 GET /css/chat.css?v=20260322-1
 HTTP  4/5/2026 6:54:34 PM ::1 GET /css/desk.css?v=20260323-1
 HTTP  4/5/2026 6:54:34 PM ::1 GET /css/components.css?v=20260321-13
 HTTP  4/5/2026 6:54:33 PM ::1 Returned 304 in 54 ms
 HTTP  4/5/2026 6:54:34 PM ::1 Returned 304 in 75 ms
 HTTP  4/5/2026 6:54:34 PM ::1 Returned 304 in 75 ms
 HTTP  4/5/2026 6:54:34 PM ::1 GET /js/supabase-config.js?v=neo-99-RECOVERY14
 HTTP  4/5/2026 6:54:34 PM ::1 GET /js/fastclick.min.js?v=FINAL_FORCE_RECOVERY_30
 HTTP  4/5/2026 6:54:34 PM ::1 Returned 304 in 88 ms
 HTTP  4/5/2026 6:54:34 PM ::1 GET /js/store.js?v=NEO_SAFE_PHASE28
 HTTP  4/5/2026 6:54:34 PM ::1 GET /js/gemini.js?v=NEO_SAFE_PHASE28
 HTTP  4/5/2026 6:54:34 PM ::1 GET /lib/utils.js?v=NEO_SAFE_PHASE28
 HTTP  4/5/2026 6:54:34 PM ::1 Returned 304 in 90 ms
 HTTP  4/5/2026 6:54:34 PM ::1 Returned 304 in 12 ms
 HTTP  4/5/2026 6:54:34 PM ::1 Returned 304 in 22 ms
 HTTP  4/5/2026 6:54:34 PM ::1 GET /js/neo-brain.js?v=NEO_SAFE_PHASE28
 HTTP  4/5/2026 6:54:34 PM ::1 GET /lib/cloud/googleDrive.js?v=NEO_SAFE_PHASE28
 HTTP  4/5/2026 6:54:34 PM ::1 GET /js/doc-engine.js?v=NEO_SAFE_PHASE28
 HTTP  4/5/2026 6:54:34 PM ::1 Returned 304 in 2 ms
 HTTP  4/5/2026 6:54:34 PM ::1 GET /js/i18n.js?v=NEO_SAFE_PHASE28
 HTTP  4/5/2026 6:54:34 PM ::1 GET /js/app.js?v=NEO_SAFE_PHASE28
 HTTP  4/5/2026 6:54:34 PM ::1 Returned 304 in 11 ms
 HTTP  4/5/2026 6:54:34 PM ::1 Returned 304 in 16 ms
 HTTP  4/5/2026 6:54:34 PM ::1 Returned 304 in 23 ms
 HTTP  4/5/2026 6:54:34 PM ::1 GET /pages/chat.js?v=NEO_SAFE_PHASE28
 HTTP  4/5/2026 6:54:34 PM ::1 Returned 200 in 66 ms
 HTTP  4/5/2026 6:54:34 PM ::1 Returned 304 in 13 ms
 HTTP  4/5/2026 6:54:34 PM ::1 Returned 200 in 42 ms
 HTTP  4/5/2026 6:54:34 PM ::1 GET /js/StaticLexicon.js?v=2.6.5
 HTTP  4/5/2026 6:54:34 PM ::1 GET /js/industries.js?v=2.6.5
 HTTP  4/5/2026 6:54:34 PM ::1 GET /js/GoldenKnowledge.js
 HTTP  4/5/2026 6:54:34 PM ::1 GET /pages/parseInputToData.js?v=20260321-1
 HTTP  4/5/2026 6:54:34 PM ::1 Returned 304 in 53 ms
 HTTP  4/5/2026 6:54:34 PM ::1 Returned 304 in 48 ms
 HTTP  4/5/2026 6:54:34 PM ::1 Returned 304 in 74 ms
 HTTP  4/5/2026 6:54:34 PM ::1 GET /lib/supabase-client.js
 HTTP  4/5/2026 6:54:34 PM ::1 GET /lib/core/intentRouter.js
 HTTP  4/5/2026 6:54:34 PM ::1 Returned 304 in 107 ms
 HTTP  4/5/2026 6:54:34 PM ::1 GET /lib/export/pdfGenerator.js
 HTTP  4/5/2026 6:54:34 PM ::1 GET /lib/api/geminiClient.js
 HTTP  4/5/2026 6:54:34 PM ::1 Returned 304 in 27 ms
 HTTP  4/5/2026 6:54:34 PM ::1 Returned 304 in 28 ms
 HTTP  4/5/2026 6:54:34 PM ::1 Returned 304 in 7 ms
 HTTP  4/5/2026 6:54:34 PM ::1 Returned 304 in 6 ms
 HTTP  4/5/2026 6:54:34 PM ::1 GET /lib/cloud/googleDrive.js
 HTTP  4/5/2026 6:54:34 PM ::1 Returned 304 in 5 ms
 HTTP  4/5/2026 6:54:34 PM ::1 GET /pages/home.js?v=20260321-12
 HTTP  4/5/2026 6:54:34 PM ::1 GET /lib/components.js
 HTTP  4/5/2026 6:54:34 PM ::1 GET /pages/setup.js
 HTTP  4/5/2026 6:54:34 PM ::1 GET /pages/document-manager.js
 HTTP  4/5/2026 6:54:34 PM ::1 GET /lib/core/neoKnowledgeReset.js
 HTTP  4/5/2026 6:54:34 PM ::1 GET /js/userProfile.js?v=20260321-13
 HTTP  4/5/2026 6:54:34 PM ::1 Returned 304 in 3 ms
 HTTP  4/5/2026 6:54:34 PM ::1 Returned 304 in 5 ms
 HTTP  4/5/2026 6:54:34 PM ::1 Returned 304 in 19 ms
 HTTP  4/5/2026 6:54:34 PM ::1 Returned 304 in 21 ms
 HTTP  4/5/2026 6:54:34 PM ::1 Returned 304 in 22 ms
 HTTP  4/5/2026 6:54:34 PM ::1 Returned 304 in 23 ms
 HTTP  4/5/2026 6:54:34 PM ::1 GET /lib/supabase-knowledge-client.js
 HTTP  4/5/2026 6:54:34 PM ::1 Returned 304 in 9 ms
 HTTP  4/5/2026 6:54:34 PM ::1 GET /locales/ja.json
 HTTP  4/5/2026 6:54:34 PM ::1 GET /favicon.ico
 HTTP  4/5/2026 6:54:34 PM ::1 Returned 304 in 5 ms
 HTTP  4/5/2026 6:54:34 PM ::1 Returned 304 in 23 ms
 HTTP  4/5/2026 6:54:43 PM ::1 GET /js/app.js
 HTTP  4/5/2026 6:54:43 PM ::1 Returned 200 in 4 ms
 HTTP  4/5/2026 6:54:44 PM ::1 GET /favicon.ico
 HTTP  4/5/2026 6:54:44 PM ::1 Returned 304 in 10 ms
 HTTP  4/5/2026 6:54:51 PM ::1 GET /pages/setup.js
 HTTP  4/5/2026 6:54:51 PM ::1 Returned 304 in 5 ms
 HTTP  4/5/2026 6:54:51 PM ::1 GET /favicon.ico
 HTTP  4/5/2026 6:54:51 PM ::1 Returned 304 in 13 ms
 HTTP  4/5/2026 6:54:58 PM ::1 GET /
 HTTP  4/5/2026 6:54:58 PM ::1 Returned 304 in 37 ms
 HTTP  4/5/2026 6:54:58 PM ::1 GET /css/index.css?v=20260321-13
 HTTP  4/5/2026 6:54:58 PM ::1 GET /css/layout.css?v=20260321-13
 HTTP  4/5/2026 6:54:58 PM ::1 Returned 304 in 30 ms
 HTTP  4/5/2026 6:54:58 PM ::1 Returned 304 in 30 ms
 HTTP  4/5/2026 6:54:58 PM ::1 GET /css/chat.css?v=20260322-1
 HTTP  4/5/2026 6:54:58 PM ::1 GET /css/desk.css?v=20260323-1
 HTTP  4/5/2026 6:54:58 PM ::1 GET /css/components.css?v=20260321-13
 HTTP  4/5/2026 6:54:58 PM ::1 Returned 304 in 26 ms
 HTTP  4/5/2026 6:54:58 PM ::1 Returned 304 in 25 ms
 HTTP  4/5/2026 6:54:58 PM ::1 GET /js/supabase-config.js?v=neo-99-RECOVERY14
 HTTP  4/5/2026 6:54:58 PM ::1 Returned 304 in 12 ms
 HTTP  4/5/2026 6:54:58 PM ::1 Returned 304 in 3 ms
 HTTP  4/5/2026 6:54:58 PM ::1 GET /js/fastclick.min.js?v=FINAL_FORCE_RECOVERY_30
 HTTP  4/5/2026 6:54:58 PM ::1 GET /lib/utils.js?v=NEO_SAFE_PHASE28
 HTTP  4/5/2026 6:54:58 PM ::1 Returned 304 in 13 ms
 HTTP  4/5/2026 6:54:58 PM ::1 Returned 304 in 1 ms
 HTTP  4/5/2026 6:54:58 PM ::1 GET /lib/cloud/googleDrive.js?v=NEO_SAFE_PHASE28
 HTTP  4/5/2026 6:54:58 PM ::1 Returned 304 in 3 ms
 HTTP  4/5/2026 6:54:58 PM ::1 GET /js/store.js?v=NEO_SAFE_PHASE28
 HTTP  4/5/2026 6:54:58 PM ::1 GET /js/gemini.js?v=NEO_SAFE_PHASE28
 HTTP  4/5/2026 6:54:58 PM ::1 GET /js/neo-brain.js?v=NEO_SAFE_PHASE28
 HTTP  4/5/2026 6:54:58 PM ::1 GET /js/doc-engine.js?v=NEO_SAFE_PHASE28
 HTTP  4/5/2026 6:54:59 PM ::1 GET /js/i18n.js?v=NEO_SAFE_PHASE28
 HTTP  4/5/2026 6:54:58 PM ::1 Returned 304 in 159 ms
 HTTP  4/5/2026 6:54:58 PM ::1 Returned 304 in 164 ms
 HTTP  4/5/2026 6:54:58 PM ::1 Returned 304 in 159 ms
 HTTP  4/5/2026 6:54:58 PM ::1 Returned 304 in 158 ms
 HTTP  4/5/2026 6:54:59 PM ::1 GET /js/app.js?v=NEO_SAFE_PHASE28
 HTTP  4/5/2026 6:54:59 PM ::1 Returned 304 in 15 ms
 HTTP  4/5/2026 6:54:59 PM ::1 GET /pages/chat.js?v=NEO_SAFE_PHASE28
 HTTP  4/5/2026 6:54:59 PM ::1 Returned 304 in 2 ms
 HTTP  4/5/2026 6:54:59 PM ::1 Returned 304 in 5 ms
 HTTP  4/5/2026 6:54:59 PM ::1 GET /js/StaticLexicon.js?v=2.6.5
 HTTP  4/5/2026 6:54:59 PM ::1 Returned 304 in 1 ms
 HTTP  4/5/2026 6:54:59 PM ::1 GET /js/industries.js?v=2.6.5
 HTTP  4/5/2026 6:54:59 PM ::1 Returned 304 in 2 ms
 HTTP  4/5/2026 6:54:59 PM ::1 GET /js/GoldenKnowledge.js
 HTTP  4/5/2026 6:54:59 PM ::1 Returned 304 in 1 ms
 HTTP  4/5/2026 6:54:59 PM ::1 GET /pages/parseInputToData.js?v=20260321-1
 HTTP  4/5/2026 6:54:59 PM ::1 Returned 304 in 1 ms
 HTTP  4/5/2026 6:54:59 PM ::1 GET /pages/setup.js
 HTTP  4/5/2026 6:54:59 PM ::1 GET /pages/document-manager.js
 HTTP  4/5/2026 6:54:59 PM ::1 GET /js/userProfile.js?v=20260321-13
 HTTP  4/5/2026 6:54:59 PM ::1 GET /lib/supabase-client.js
 HTTP  4/5/2026 6:54:59 PM ::1 GET /lib/cloud/googleDrive.js
 HTTP  4/5/2026 6:54:59 PM ::1 GET /pages/home.js?v=20260321-12
 HTTP  4/5/2026 6:54:59 PM ::1 Returned 304 in 9 ms
 HTTP  4/5/2026 6:54:59 PM ::1 Returned 304 in 6 ms
 HTTP  4/5/2026 6:54:59 PM ::1 Returned 304 in 11 ms
 HTTP  4/5/2026 6:54:59 PM ::1 Returned 304 in 12 ms
 HTTP  4/5/2026 6:54:59 PM ::1 Returned 304 in 12 ms
 HTTP  4/5/2026 6:54:59 PM ::1 Returned 304 in 18 ms
 HTTP  4/5/2026 6:54:59 PM ::1 GET /lib/core/neoKnowledgeReset.js
 HTTP  4/5/2026 6:54:59 PM ::1 GET /lib/supabase-knowledge-client.js
 HTTP  4/5/2026 6:54:59 PM ::1 GET /lib/core/intentRouter.js
 HTTP  4/5/2026 6:54:59 PM ::1 GET /lib/export/pdfGenerator.js
 HTTP  4/5/2026 6:54:59 PM ::1 GET /lib/components.js
 HTTP  4/5/2026 6:54:59 PM ::1 Returned 304 in 10 ms
 HTTP  4/5/2026 6:54:59 PM ::1 Returned 304 in 9 ms
 HTTP  4/5/2026 6:54:59 PM ::1 Returned 304 in 8 ms
 HTTP  4/5/2026 6:54:59 PM ::1 Returned 304 in 7 ms
 HTTP  4/5/2026 6:54:59 PM ::1 Returned 304 in 7 ms
 HTTP  4/5/2026 6:54:59 PM ::1 GET /lib/api/geminiClient.js
 HTTP  4/5/2026 6:54:59 PM ::1 Returned 304 in 2 ms
 HTTP  4/5/2026 6:54:59 PM ::1 GET /favicon.ico
 HTTP  4/5/2026 6:54:59 PM ::1 GET /locales/ja.json
 HTTP  4/5/2026 6:54:59 PM ::1 Returned 304 in 9 ms
 HTTP  4/5/2026 6:54:59 PM ::1 Returned 304 in 13 ms
 HTTP  4/5/2026 6:55:14 PM ::1 GET /views/home.html?v=1775382914639
 HTTP  4/5/2026 6:55:14 PM ::1 Returned 200 in 6 ms
 HTTP  4/5/2026 6:55:14 PM ::1 GET /img/neo_avatar.jpg
 HTTP  4/5/2026 6:55:14 PM ::1 Returned 304 in 2 ms
 HTTP  4/5/2026 6:55:14 PM ::1 GET /pages/home.js
 HTTP  4/5/2026 6:55:14 PM ::1 Returned 304 in 1 ms
 HTTP  4/5/2026 6:57:00 PM ::1 GET /
 HTTP  4/5/2026 6:57:00 PM ::1 Returned 304 in 9 ms
 HTTP  4/5/2026 6:57:00 PM ::1 GET /css/index.css?v=20260321-13
 HTTP  4/5/2026 6:57:00 PM ::1 GET /css/chat.css?v=20260322-1
 HTTP  4/5/2026 6:57:00 PM ::1 Returned 304 in 35 ms
 HTTP  4/5/2026 6:57:00 PM ::1 GET /css/layout.css?v=20260321-13
 HTTP  4/5/2026 6:57:00 PM ::1 Returned 304 in 12 ms
 HTTP  4/5/2026 6:57:00 PM ::1 GET /js/fastclick.min.js?v=FINAL_FORCE_RECOVERY_30
 HTTP  4/5/2026 6:57:00 PM ::1 GET /css/desk.css?v=20260323-1
 HTTP  4/5/2026 6:57:00 PM ::1 GET /lib/utils.js?v=NEO_SAFE_PHASE28
 HTTP  4/5/2026 6:57:00 PM ::1 Returned 304 in 16 ms
 HTTP  4/5/2026 6:57:00 PM ::1 Returned 304 in 23 ms
 HTTP  4/5/2026 6:57:00 PM ::1 Returned 304 in 24 ms
 HTTP  4/5/2026 6:57:00 PM ::1 GET /css/components.css?v=20260321-13
 HTTP  4/5/2026 6:57:00 PM ::1 Returned 304 in 30 ms
 HTTP  4/5/2026 6:57:00 PM ::1 GET /lib/cloud/googleDrive.js?v=NEO_SAFE_PHASE28
 HTTP  4/5/2026 6:57:00 PM ::1 GET /js/store.js?v=NEO_SAFE_PHASE28
 HTTP  4/5/2026 6:57:00 PM ::1 GET /js/gemini.js?v=NEO_SAFE_PHASE28
 HTTP  4/5/2026 6:57:00 PM ::1 GET /js/supabase-config.js?v=neo-99-RECOVERY14
 HTTP  4/5/2026 6:57:00 PM ::1 GET /js/neo-brain.js?v=NEO_SAFE_PHASE28
 HTTP  4/5/2026 6:57:00 PM ::1 Returned 304 in 24 ms
 HTTP  4/5/2026 6:57:00 PM ::1 Returned 304 in 17 ms
 HTTP  4/5/2026 6:57:00 PM ::1 Returned 304 in 16 ms
 HTTP  4/5/2026 6:57:00 PM ::1 Returned 304 in 21 ms
 HTTP  4/5/2026 6:57:00 PM ::1 Returned 304 in 22 ms
 HTTP  4/5/2026 6:57:00 PM ::1 Returned 304 in 24 ms
 HTTP  4/5/2026 6:57:00 PM ::1 GET /js/doc-engine.js?v=NEO_SAFE_PHASE28
 HTTP  4/5/2026 6:57:00 PM ::1 GET /js/i18n.js?v=NEO_SAFE_PHASE28
 HTTP  4/5/2026 6:57:00 PM ::1 Returned 304 in 46 ms
 HTTP  4/5/2026 6:57:00 PM ::1 GET /js/app.js?v=NEO_SAFE_PHASE28
 HTTP  4/5/2026 6:57:00 PM ::1 GET /pages/chat.js?v=NEO_SAFE_PHASE28
 HTTP  4/5/2026 6:57:00 PM ::1 GET /js/StaticLexicon.js?v=2.6.5
 HTTP  4/5/2026 6:57:00 PM ::1 Returned 304 in 61 ms
 HTTP  4/5/2026 6:57:00 PM ::1 Returned 304 in 19 ms
 HTTP  4/5/2026 6:57:00 PM ::1 Returned 304 in 24 ms
 HTTP  4/5/2026 6:57:00 PM ::1 GET /js/industries.js?v=2.6.5
 HTTP  4/5/2026 6:57:00 PM ::1 GET /js/GoldenKnowledge.js
 HTTP  4/5/2026 6:57:00 PM ::1 Returned 304 in 30 ms
 HTTP  4/5/2026 6:57:00 PM ::1 Returned 304 in 25 ms
 HTTP  4/5/2026 6:57:00 PM ::1 GET /pages/parseInputToData.js?v=20260321-1
 HTTP  4/5/2026 6:57:00 PM ::1 Returned 304 in 34 ms
 HTTP  4/5/2026 6:57:00 PM ::1 GET /lib/core/intentRouter.js
 HTTP  4/5/2026 6:57:00 PM ::1 GET /lib/api/geminiClient.js
 HTTP  4/5/2026 6:57:00 PM ::1 GET /lib/supabase-client.js
 HTTP  4/5/2026 6:57:00 PM ::1 GET /lib/export/pdfGenerator.js
 HTTP  4/5/2026 6:57:00 PM ::1 Returned 304 in 32 ms
 HTTP  4/5/2026 6:57:00 PM ::1 Returned 304 in 30 ms
 HTTP  4/5/2026 6:57:00 PM ::1 Returned 304 in 26 ms
 HTTP  4/5/2026 6:57:00 PM ::1 Returned 304 in 19 ms
 HTTP  4/5/2026 6:57:00 PM ::1 GET /lib/components.js
 HTTP  4/5/2026 6:57:00 PM ::1 Returned 304 in 37 ms
 HTTP  4/5/2026 6:57:00 PM ::1 GET /pages/home.js?v=20260321-12
 HTTP  4/5/2026 6:57:00 PM ::1 GET /pages/setup.js
 HTTP  4/5/2026 6:57:00 PM ::1 GET /lib/cloud/googleDrive.js
 HTTP  4/5/2026 6:57:00 PM ::1 GET /pages/document-manager.js
 HTTP  4/5/2026 6:57:00 PM ::1 Returned 304 in 8 ms
 HTTP  4/5/2026 6:57:00 PM ::1 Returned 304 in 8 ms
 HTTP  4/5/2026 6:57:00 PM ::1 Returned 304 in 9 ms
 HTTP  4/5/2026 6:57:00 PM ::1 Returned 304 in 8 ms
 HTTP  4/5/2026 6:57:00 PM ::1 GET /js/userProfile.js?v=20260321-13
 HTTP  4/5/2026 6:57:00 PM ::1 Returned 304 in 13 ms
 HTTP  4/5/2026 6:57:00 PM ::1 GET /lib/core/neoKnowledgeReset.js
 HTTP  4/5/2026 6:57:00 PM ::1 GET /lib/supabase-knowledge-client.js
 HTTP  4/5/2026 6:57:00 PM ::1 Returned 304 in 14 ms
 HTTP  4/5/2026 6:57:00 PM ::1 Returned 304 in 8 ms
 HTTP  4/5/2026 6:57:00 PM ::1 Returned 304 in 11 ms
 HTTP  4/5/2026 6:57:00 PM ::1 GET /locales/ja.json
 HTTP  4/5/2026 6:57:00 PM ::1 GET /favicon.ico
 HTTP  4/5/2026 6:57:00 PM ::1 Returned 304 in 7 ms
 HTTP  4/5/2026 6:57:00 PM ::1 Returned 304 in 14 ms
 HTTP  4/5/2026 6:57:02 PM ::1 GET /
 HTTP  4/5/2026 6:57:02 PM ::1 Returned 304 in 0 ms
 HTTP  4/5/2026 6:57:02 PM ::1 GET /css/index.css?v=20260321-13
 HTTP  4/5/2026 6:57:02 PM ::1 Returned 304 in 2 ms
 HTTP  4/5/2026 6:57:02 PM ::1 GET /css/layout.css?v=20260321-13
 HTTP  4/5/2026 6:57:02 PM ::1 GET /css/chat.css?v=20260322-1
 HTTP  4/5/2026 6:57:02 PM ::1 GET /css/desk.css?v=20260323-1
 HTTP  4/5/2026 6:57:02 PM ::1 Returned 304 in 4 ms
 HTTP  4/5/2026 6:57:02 PM ::1 Returned 304 in 5 ms
 HTTP  4/5/2026 6:57:02 PM ::1 Returned 304 in 6 ms
 HTTP  4/5/2026 6:57:02 PM ::1 GET /css/components.css?v=20260321-13
 HTTP  4/5/2026 6:57:02 PM ::1 GET /js/supabase-config.js?v=neo-99-RECOVERY14
 HTTP  4/5/2026 6:57:02 PM ::1 GET /js/fastclick.min.js?v=FINAL_FORCE_RECOVERY_30
 HTTP  4/5/2026 6:57:02 PM ::1 Returned 304 in 0 ms
 HTTP  4/5/2026 6:57:02 PM ::1 Returned 304 in 1 ms
 HTTP  4/5/2026 6:57:02 PM ::1 GET /lib/utils.js?v=NEO_SAFE_PHASE28
 HTTP  4/5/2026 6:57:02 PM ::1 GET /lib/cloud/googleDrive.js?v=NEO_SAFE_PHASE28
 HTTP  4/5/2026 6:57:02 PM ::1 GET /js/store.js?v=NEO_SAFE_PHASE28
 HTTP  4/5/2026 6:57:02 PM ::1 Returned 304 in 6 ms
 HTTP  4/5/2026 6:57:02 PM ::1 Returned 304 in 6 ms
 HTTP  4/5/2026 6:57:02 PM ::1 Returned 304 in 4 ms
 HTTP  4/5/2026 6:57:02 PM ::1 GET /js/gemini.js?v=NEO_SAFE_PHASE28
 HTTP  4/5/2026 6:57:02 PM ::1 GET /js/neo-brain.js?v=NEO_SAFE_PHASE28
 HTTP  4/5/2026 6:57:02 PM ::1 Returned 304 in 4 ms
 HTTP  4/5/2026 6:57:02 PM ::1 Returned 304 in 2 ms
 HTTP  4/5/2026 6:57:02 PM ::1 GET /js/doc-engine.js?v=NEO_SAFE_PHASE28
 HTTP  4/5/2026 6:57:02 PM ::1 GET /js/i18n.js?v=NEO_SAFE_PHASE28
 HTTP  4/5/2026 6:57:02 PM ::1 GET /js/app.js?v=NEO_SAFE_PHASE28
 HTTP  4/5/2026 6:57:02 PM ::1 Returned 304 in 8 ms
 HTTP  4/5/2026 6:57:02 PM ::1 Returned 304 in 2 ms
 HTTP  4/5/2026 6:57:02 PM ::1 Returned 304 in 3 ms
 HTTP  4/5/2026 6:57:02 PM ::1 GET /pages/chat.js?v=NEO_SAFE_PHASE28
 HTTP  4/5/2026 6:57:02 PM ::1 Returned 304 in 3 ms
 HTTP  4/5/2026 6:57:02 PM ::1 Returned 304 in 2 ms
 HTTP  4/5/2026 6:57:02 PM ::1 GET /js/StaticLexicon.js?v=2.6.5
 HTTP  4/5/2026 6:57:02 PM ::1 GET /js/industries.js?v=2.6.5
 HTTP  4/5/2026 6:57:02 PM ::1 GET /js/GoldenKnowledge.js
 HTTP  4/5/2026 6:57:02 PM ::1 GET /pages/parseInputToData.js?v=20260321-1
 HTTP  4/5/2026 6:57:02 PM ::1 Returned 304 in 2 ms
 HTTP  4/5/2026 6:57:02 PM ::1 Returned 304 in 1 ms
 HTTP  4/5/2026 6:57:02 PM ::1 Returned 304 in 2 ms
 HTTP  4/5/2026 6:57:02 PM ::1 Returned 304 in 2 ms
 HTTP  4/5/2026 6:57:02 PM ::1 GET /lib/components.js
 HTTP  4/5/2026 6:57:02 PM ::1 GET /lib/cloud/googleDrive.js
 HTTP  4/5/2026 6:57:02 PM ::1 GET /pages/home.js?v=20260321-12
 HTTP  4/5/2026 6:57:02 PM ::1 GET /pages/setup.js
 HTTP  4/5/2026 6:57:02 PM ::1 Returned 304 in 2 ms
 HTTP  4/5/2026 6:57:02 PM ::1 Returned 304 in 2 ms
 HTTP  4/5/2026 6:57:02 PM ::1 Returned 304 in 2 ms
 HTTP  4/5/2026 6:57:02 PM ::1 GET /pages/document-manager.js
 HTTP  4/5/2026 6:57:02 PM ::1 GET /js/userProfile.js?v=20260321-13
 HTTP  4/5/2026 6:57:02 PM ::1 Returned 304 in 3 ms
 HTTP  4/5/2026 6:57:02 PM ::1 Returned 304 in 3 ms
 HTTP  4/5/2026 6:57:02 PM ::1 GET /lib/core/neoKnowledgeReset.js
 HTTP  4/5/2026 6:57:02 PM ::1 GET /lib/supabase-knowledge-client.js
 HTTP  4/5/2026 6:57:02 PM ::1 GET /lib/supabase-client.js
 HTTP  4/5/2026 6:57:02 PM ::1 Returned 304 in 4 ms
 HTTP  4/5/2026 6:57:02 PM ::1 Returned 304 in 2 ms
 HTTP  4/5/2026 6:57:02 PM ::1 Returned 304 in 1 ms
 HTTP  4/5/2026 6:57:02 PM ::1 GET /lib/core/intentRouter.js
 HTTP  4/5/2026 6:57:02 PM ::1 GET /lib/export/pdfGenerator.js
 HTTP  4/5/2026 6:57:02 PM ::1 Returned 304 in 3 ms
 HTTP  4/5/2026 6:57:02 PM ::1 Returned 304 in 3 ms
 HTTP  4/5/2026 6:57:02 PM ::1 GET /lib/api/geminiClient.js
 HTTP  4/5/2026 6:57:02 PM ::1 Returned 304 in 4 ms
 HTTP  4/5/2026 6:57:02 PM ::1 Returned 304 in 3 ms
 HTTP  4/5/2026 6:57:02 PM ::1 GET /locales/ja.json
 HTTP  4/5/2026 6:57:02 PM ::1 Returned 304 in 1 ms
 HTTP  4/5/2026 6:57:02 PM ::1 GET /favicon.ico
 HTTP  4/5/2026 6:57:02 PM ::1 Returned 304 in 2 ms
 HTTP  4/5/2026 6:57:02 PM ::1 GET /
 HTTP  4/5/2026 6:57:02 PM ::1 Returned 304 in 5 ms
 HTTP  4/5/2026 6:57:02 PM ::1 GET /css/index.css?v=20260321-13
 HTTP  4/5/2026 6:57:02 PM ::1 Returned 304 in 1 ms
 HTTP  4/5/2026 6:57:02 PM ::1 GET /css/layout.css?v=20260321-13
 HTTP  4/5/2026 6:57:02 PM ::1 GET /css/chat.css?v=20260322-1
 HTTP  4/5/2026 6:57:02 PM ::1 GET /css/desk.css?v=20260323-1
 HTTP  4/5/2026 6:57:02 PM ::1 GET /css/components.css?v=20260321-13
 HTTP  4/5/2026 6:57:02 PM ::1 GET /js/supabase-config.js?v=neo-99-RECOVERY14
 HTTP  4/5/2026 6:57:02 PM ::1 GET /js/fastclick.min.js?v=FINAL_FORCE_RECOVERY_30
 HTTP  4/5/2026 6:57:02 PM ::1 Returned 304 in 7 ms
 HTTP  4/5/2026 6:57:02 PM ::1 Returned 304 in 6 ms
 HTTP  4/5/2026 6:57:02 PM ::1 Returned 304 in 4 ms
 HTTP  4/5/2026 6:57:02 PM ::1 Returned 304 in 3 ms
 HTTP  4/5/2026 6:57:02 PM ::1 Returned 304 in 7 ms
 HTTP  4/5/2026 6:57:02 PM ::1 GET /js/gemini.js?v=NEO_SAFE_PHASE28
 HTTP  4/5/2026 6:57:02 PM ::1 GET /js/neo-brain.js?v=NEO_SAFE_PHASE28
 HTTP  4/5/2026 6:57:02 PM ::1 Returned 304 in 10 ms
 HTTP  4/5/2026 6:57:02 PM ::1 Returned 304 in 2 ms
 HTTP  4/5/2026 6:57:02 PM ::1 GET /lib/utils.js?v=NEO_SAFE_PHASE28
 HTTP  4/5/2026 6:57:02 PM ::1 GET /lib/cloud/googleDrive.js?v=NEO_SAFE_PHASE28
 HTTP  4/5/2026 6:57:02 PM ::1 GET /js/store.js?v=NEO_SAFE_PHASE28
 HTTP  4/5/2026 6:57:02 PM ::1 GET /js/i18n.js?v=NEO_SAFE_PHASE28
 HTTP  4/5/2026 6:57:02 PM ::1 Returned 304 in 6 ms
 HTTP  4/5/2026 6:57:02 PM ::1 Returned 304 in 6 ms
 HTTP  4/5/2026 6:57:02 PM ::1 Returned 304 in 6 ms
 HTTP  4/5/2026 6:57:02 PM ::1 Returned 304 in 7 ms
 HTTP  4/5/2026 6:57:02 PM ::1 GET /js/doc-engine.js?v=NEO_SAFE_PHASE28
 HTTP  4/5/2026 6:57:02 PM ::1 Returned 304 in 10 ms
 HTTP  4/5/2026 6:57:02 PM ::1 Returned 304 in 6 ms
 HTTP  4/5/2026 6:57:02 PM ::1 GET /js/app.js?v=NEO_SAFE_PHASE28
 HTTP  4/5/2026 6:57:02 PM ::1 GET /pages/chat.js?v=NEO_SAFE_PHASE28
 HTTP  4/5/2026 6:57:02 PM ::1 Returned 304 in 2 ms
 HTTP  4/5/2026 6:57:02 PM ::1 Returned 304 in 1 ms
 HTTP  4/5/2026 6:57:02 PM ::1 GET /js/StaticLexicon.js?v=2.6.5
 HTTP  4/5/2026 6:57:02 PM ::1 GET /js/industries.js?v=2.6.5
 HTTP  4/5/2026 6:57:02 PM ::1 GET /js/GoldenKnowledge.js
 HTTP  4/5/2026 6:57:02 PM ::1 GET /pages/parseInputToData.js?v=20260321-1
 HTTP  4/5/2026 6:57:02 PM ::1 Returned 304 in 3 ms
 HTTP  4/5/2026 6:57:02 PM ::1 Returned 304 in 2 ms
 HTTP  4/5/2026 6:57:02 PM ::1 Returned 304 in 6 ms
 HTTP  4/5/2026 6:57:02 PM ::1 Returned 304 in 6 ms
 HTTP  4/5/2026 6:57:02 PM ::1 GET /lib/components.js
 HTTP  4/5/2026 6:57:02 PM ::1 GET /lib/cloud/googleDrive.js
 HTTP  4/5/2026 6:57:02 PM ::1 GET /pages/home.js?v=20260321-12
 HTTP  4/5/2026 6:57:02 PM ::1 Returned 304 in 6 ms
 HTTP  4/5/2026 6:57:02 PM ::1 Returned 304 in 5 ms
 HTTP  4/5/2026 6:57:02 PM ::1 GET /pages/setup.js
 HTTP  4/5/2026 6:57:02 PM ::1 GET /pages/document-manager.js
 HTTP  4/5/2026 6:57:02 PM ::1 GET /js/userProfile.js?v=20260321-13
 HTTP  4/5/2026 6:57:02 PM ::1 Returned 304 in 3 ms
 HTTP  4/5/2026 6:57:02 PM ::1 Returned 304 in 3 ms
 HTTP  4/5/2026 6:57:02 PM ::1 GET /lib/supabase-knowledge-client.js
 HTTP  4/5/2026 6:57:02 PM ::1 GET /lib/core/neoKnowledgeReset.js
 HTTP  4/5/2026 6:57:02 PM ::1 Returned 304 in 8 ms
 HTTP  4/5/2026 6:57:02 PM ::1 Returned 304 in 8 ms
 HTTP  4/5/2026 6:57:02 PM ::1 Returned 304 in 3 ms
 HTTP  4/5/2026 6:57:02 PM ::1 Returned 304 in 3 ms
 HTTP  4/5/2026 6:57:02 PM ::1 GET /lib/supabase-client.js
 HTTP  4/5/2026 6:57:02 PM ::1 GET /lib/core/intentRouter.js
 HTTP  4/5/2026 6:57:02 PM ::1 Returned 304 in 6 ms
 HTTP  4/5/2026 6:57:02 PM ::1 Returned 304 in 2 ms
 HTTP  4/5/2026 6:57:02 PM ::1 GET /lib/export/pdfGenerator.js
 HTTP  4/5/2026 6:57:02 PM ::1 GET /lib/api/geminiClient.js
 HTTP  4/5/2026 6:57:02 PM ::1 Returned 304 in 4 ms
 HTTP  4/5/2026 6:57:02 PM ::1 Returned 304 in 6 ms
 HTTP  4/5/2026 6:57:02 PM ::1 GET /locales/ja.json
 HTTP  4/5/2026 6:57:02 PM ::1 Returned 304 in 8 ms
 HTTP  4/5/2026 6:57:02 PM ::1 GET /favicon.ico
 HTTP  4/5/2026 6:57:02 PM ::1 Returned 304 in 7 ms
 HTTP  4/5/2026 6:57:05 PM ::1 GET /
 HTTP  4/5/2026 6:57:05 PM ::1 Returned 304 in 2 ms
 HTTP  4/5/2026 6:57:05 PM ::1 GET /css/index.css?v=20260321-13
 HTTP  4/5/2026 6:57:05 PM ::1 GET /css/layout.css?v=20260321-13
 HTTP  4/5/2026 6:57:05 PM ::1 GET /.well-known/appspecific/com.chrome.devtools.json
 HTTP  4/5/2026 6:57:05 PM ::1 GET /css/chat.css?v=20260322-1
 HTTP  4/5/2026 6:57:05 PM ::1 GET /css/desk.css?v=20260323-1
 HTTP  4/5/2026 6:57:05 PM ::1 GET /css/components.css?v=20260321-13
 HTTP  4/5/2026 6:57:05 PM ::1 Returned 304 in 31 ms
 HTTP  4/5/2026 6:57:05 PM ::1 Returned 304 in 18 ms
 HTTP  4/5/2026 6:57:05 PM ::1 Returned 304 in 16 ms
 HTTP  4/5/2026 6:57:05 PM ::1 Returned 304 in 16 ms
 HTTP  4/5/2026 6:57:05 PM ::1 Returned 304 in 14 ms
 HTTP  4/5/2026 6:57:05 PM ::1 Returned 304 in 22 ms
 HTTP  4/5/2026 6:57:05 PM ::1 GET /js/supabase-config.js?v=neo-99-RECOVERY14
 HTTP  4/5/2026 6:57:05 PM ::1 GET /js/fastclick.min.js?v=FINAL_FORCE_RECOVERY_30
 HTTP  4/5/2026 6:57:05 PM ::1 GET /lib/cloud/googleDrive.js?v=NEO_SAFE_PHASE28
 HTTP  4/5/2026 6:57:05 PM ::1 Returned 304 in 7 ms
 HTTP  4/5/2026 6:57:05 PM ::1 Returned 304 in 7 ms
 HTTP  4/5/2026 6:57:05 PM ::1 GET /lib/utils.js?v=NEO_SAFE_PHASE28
 HTTP  4/5/2026 6:57:05 PM ::1 GET /js/store.js?v=NEO_SAFE_PHASE28
 HTTP  4/5/2026 6:57:05 PM ::1 GET /js/gemini.js?v=NEO_SAFE_PHASE28
 HTTP  4/5/2026 6:57:05 PM ::1 Returned 304 in 11 ms
 HTTP  4/5/2026 6:57:05 PM ::1 Returned 304 in 9 ms
 HTTP  4/5/2026 6:57:05 PM ::1 Returned 200 in 11 ms
 HTTP  4/5/2026 6:57:05 PM ::1 GET /js/doc-engine.js?v=NEO_SAFE_PHASE28
 HTTP  4/5/2026 6:57:05 PM ::1 GET /js/neo-brain.js?v=NEO_SAFE_PHASE28
 HTTP  4/5/2026 6:57:05 PM ::1 Returned 304 in 14 ms
 HTTP  4/5/2026 6:57:05 PM ::1 Returned 304 in 3 ms
 HTTP  4/5/2026 6:57:05 PM ::1 GET /js/i18n.js?v=NEO_SAFE_PHASE28
 HTTP  4/5/2026 6:57:05 PM ::1 GET /js/app.js?v=NEO_SAFE_PHASE28
 HTTP  4/5/2026 6:57:05 PM ::1 Returned 304 in 4 ms
 HTTP  4/5/2026 6:57:05 PM ::1 Returned 304 in 2 ms
 HTTP  4/5/2026 6:57:05 PM ::1 GET /pages/chat.js?v=NEO_SAFE_PHASE28
 HTTP  4/5/2026 6:57:05 PM ::1 Returned 200 in 7 ms
 HTTP  4/5/2026 6:57:05 PM ::1 Returned 304 in 7 ms
 HTTP  4/5/2026 6:57:06 PM ::1 GET /js/StaticLexicon.js?v=2.6.5
 HTTP  4/5/2026 6:57:06 PM ::1 Returned 304 in 4 ms
 HTTP  4/5/2026 6:57:06 PM ::1 GET /js/industries.js?v=2.6.5
 HTTP  4/5/2026 6:57:06 PM ::1 Returned 304 in 2 ms
 HTTP  4/5/2026 6:57:06 PM ::1 GET /js/GoldenKnowledge.js
 HTTP  4/5/2026 6:57:06 PM ::1 Returned 304 in 1 ms
 HTTP  4/5/2026 6:57:06 PM ::1 GET /pages/parseInputToData.js?v=20260321-1
 HTTP  4/5/2026 6:57:06 PM ::1 Returned 304 in 4 ms
 HTTP  4/5/2026 6:57:06 PM ::1 GET /lib/components.js
 HTTP  4/5/2026 6:57:06 PM ::1 GET /lib/cloud/googleDrive.js
 HTTP  4/5/2026 6:57:06 PM ::1 GET /pages/setup.js
 HTTP  4/5/2026 6:57:06 PM ::1 GET /lib/core/neoKnowledgeReset.js
 HTTP  4/5/2026 6:57:06 PM ::1 GET /lib/core/intentRouter.js
 HTTP  4/5/2026 6:57:06 PM ::1 GET /lib/export/pdfGenerator.js
 HTTP  4/5/2026 6:57:06 PM ::1 Returned 304 in 7 ms
 HTTP  4/5/2026 6:57:06 PM ::1 Returned 304 in 11 ms
 HTTP  4/5/2026 6:57:06 PM ::1 Returned 304 in 15 ms
 HTTP  4/5/2026 6:57:06 PM ::1 Returned 304 in 16 ms
 HTTP  4/5/2026 6:57:06 PM ::1 Returned 304 in 31 ms
 HTTP  4/5/2026 6:57:06 PM ::1 Returned 304 in 39 ms
 HTTP  4/5/2026 6:57:06 PM ::1 GET /pages/home.js?v=20260321-12
 HTTP  4/5/2026 6:57:06 PM ::1 GET /pages/document-manager.js
 HTTP  4/5/2026 6:57:06 PM ::1 GET /js/userProfile.js?v=20260321-13
 HTTP  4/5/2026 6:57:06 PM ::1 GET /lib/supabase-knowledge-client.js
 HTTP  4/5/2026 6:57:06 PM ::1 GET /lib/supabase-client.js
 HTTP  4/5/2026 6:57:06 PM ::1 GET /lib/api/geminiClient.js
 HTTP  4/5/2026 6:57:06 PM ::1 Returned 304 in 8 ms
 HTTP  4/5/2026 6:57:06 PM ::1 Returned 304 in 14 ms
 HTTP  4/5/2026 6:57:06 PM ::1 Returned 304 in 10 ms
 HTTP  4/5/2026 6:57:06 PM ::1 Returned 304 in 9 ms
 HTTP  4/5/2026 6:57:06 PM ::1 Returned 304 in 17 ms
 HTTP  4/5/2026 6:57:06 PM ::1 Returned 304 in 26 ms
 HTTP  4/5/2026 6:57:06 PM ::1 GET /locales/ja.json
 HTTP  4/5/2026 6:57:06 PM ::1 Returned 304 in 5 ms
 HTTP  4/5/2026 6:57:06 PM ::1 GET /favicon.ico
 HTTP  4/5/2026 6:57:06 PM ::1 Returned 304 in 57 ms
 HTTP  4/5/2026 6:57:08 PM ::1 GET /views/home.html?v=1775383028324
 HTTP  4/5/2026 6:57:08 PM ::1 Returned 200 in 3 ms
 HTTP  4/5/2026 6:57:08 PM ::1 GET /img/neo_avatar.jpg
 HTTP  4/5/2026 6:57:08 PM ::1 GET /pages/home.js
 HTTP  4/5/2026 6:57:08 PM ::1 Returned 304 in 2 ms
 HTTP  4/5/2026 6:57:08 PM ::1 Returned 304 in 1 ms
 HTTP  4/5/2026 6:57:16 PM ::1 GET /
 HTTP  4/5/2026 6:57:16 PM ::1 Returned 304 in 1 ms
 HTTP  4/5/2026 6:57:16 PM ::1 GET /css/index.css?v=20260321-13
 HTTP  4/5/2026 6:57:16 PM ::1 Returned 304 in 1 ms
 HTTP  4/5/2026 6:57:16 PM ::1 GET /css/layout.css?v=20260321-13
 HTTP  4/5/2026 6:57:16 PM ::1 GET /css/chat.css?v=20260322-1
 HTTP  4/5/2026 6:57:16 PM ::1 Returned 304 in 2 ms
 HTTP  4/5/2026 6:57:16 PM ::1 Returned 304 in 5 ms
 HTTP  4/5/2026 6:57:16 PM ::1 GET /js/fastclick.min.js?v=FINAL_FORCE_RECOVERY_30
 HTTP  4/5/2026 6:57:16 PM ::1 GET /css/desk.css?v=20260323-1
 HTTP  4/5/2026 6:57:16 PM ::1 Returned 304 in 1 ms
 HTTP  4/5/2026 6:57:16 PM ::1 Returned 304 in 0 ms
 HTTP  4/5/2026 6:57:16 PM ::1 GET /lib/cloud/googleDrive.js?v=NEO_SAFE_PHASE28
 HTTP  4/5/2026 6:57:16 PM ::1 GET /css/components.css?v=20260321-13
 HTTP  4/5/2026 6:57:16 PM ::1 GET /js/store.js?v=NEO_SAFE_PHASE28
 HTTP  4/5/2026 6:57:16 PM ::1 Returned 304 in 1 ms
 HTTP  4/5/2026 6:57:16 PM ::1 Returned 304 in 1 ms
 HTTP  4/5/2026 6:57:16 PM ::1 GET /js/gemini.js?v=NEO_SAFE_PHASE28
 HTTP  4/5/2026 6:57:16 PM ::1 GET /js/supabase-config.js?v=neo-99-RECOVERY14
 HTTP  4/5/2026 6:57:16 PM ::1 Returned 304 in 2 ms
 HTTP  4/5/2026 6:57:16 PM ::1 Returned 304 in 1 ms
 HTTP  4/5/2026 6:57:16 PM ::1 Returned 304 in 1 ms
 HTTP  4/5/2026 6:57:16 PM ::1 GET /js/neo-brain.js?v=NEO_SAFE_PHASE28
 HTTP  4/5/2026 6:57:16 PM ::1 GET /js/doc-engine.js?v=NEO_SAFE_PHASE28
 HTTP  4/5/2026 6:57:16 PM ::1 GET /lib/utils.js?v=NEO_SAFE_PHASE28
 HTTP  4/5/2026 6:57:16 PM ::1 Returned 304 in 2 ms
 HTTP  4/5/2026 6:57:16 PM ::1 Returned 304 in 2 ms
 HTTP  4/5/2026 6:57:16 PM ::1 GET /js/i18n.js?v=NEO_SAFE_PHASE28
 HTTP  4/5/2026 6:57:16 PM ::1 GET /js/app.js?v=NEO_SAFE_PHASE28
 HTTP  4/5/2026 6:57:16 PM ::1 GET /pages/chat.js?v=NEO_SAFE_PHASE28
 HTTP  4/5/2026 6:57:16 PM ::1 Returned 304 in 2 ms
 HTTP  4/5/2026 6:57:16 PM ::1 Returned 304 in 2 ms
 HTTP  4/5/2026 6:57:16 PM ::1 Returned 304 in 5 ms
 HTTP  4/5/2026 6:57:16 PM ::1 Returned 200 in 7 ms
 HTTP  4/5/2026 6:57:16 PM ::1 GET /js/StaticLexicon.js?v=2.6.5
 HTTP  4/5/2026 6:57:16 PM ::1 GET /js/industries.js?v=2.6.5
 HTTP  4/5/2026 6:57:16 PM ::1 GET /js/GoldenKnowledge.js
 HTTP  4/5/2026 6:57:16 PM ::1 Returned 304 in 1 ms
 HTTP  4/5/2026 6:57:16 PM ::1 Returned 304 in 2 ms
 HTTP  4/5/2026 6:57:16 PM ::1 GET /pages/parseInputToData.js?v=20260321-1
 HTTP  4/5/2026 6:57:16 PM ::1 Returned 304 in 3 ms
 HTTP  4/5/2026 6:57:16 PM ::1 Returned 304 in 0 ms
 HTTP  4/5/2026 6:57:16 PM ::1 GET /lib/supabase-client.js
 HTTP  4/5/2026 6:57:16 PM ::1 GET /lib/core/intentRouter.js
 HTTP  4/5/2026 6:57:16 PM ::1 GET /lib/export/pdfGenerator.js
 HTTP  4/5/2026 6:57:16 PM ::1 GET /lib/components.js
 HTTP  4/5/2026 6:57:16 PM ::1 GET /lib/api/geminiClient.js
 HTTP  4/5/2026 6:57:16 PM ::1 GET /pages/home.js?v=20260321-12
 HTTP  4/5/2026 6:57:16 PM ::1 Returned 304 in 2 ms
 HTTP  4/5/2026 6:57:16 PM ::1 Returned 304 in 1 ms
 HTTP  4/5/2026 6:57:16 PM ::1 Returned 304 in 1 ms
 HTTP  4/5/2026 6:57:16 PM ::1 Returned 304 in 3 ms
 HTTP  4/5/2026 6:57:16 PM ::1 Returned 304 in 3 ms
 HTTP  4/5/2026 6:57:16 PM ::1 Returned 304 in 4 ms
 HTTP  4/5/2026 6:57:16 PM ::1 GET /lib/cloud/googleDrive.js
 HTTP  4/5/2026 6:57:16 PM ::1 GET /pages/setup.js
 HTTP  4/5/2026 6:57:16 PM ::1 GET /pages/document-manager.js
 HTTP  4/5/2026 6:57:16 PM ::1 GET /js/userProfile.js?v=20260321-13
 HTTP  4/5/2026 6:57:16 PM ::1 Returned 304 in 1 ms
 HTTP  4/5/2026 6:57:16 PM ::1 Returned 304 in 1 ms
 HTTP  4/5/2026 6:57:16 PM ::1 Returned 304 in 2 ms
 HTTP  4/5/2026 6:57:16 PM ::1 GET /lib/core/neoKnowledgeReset.js
 HTTP  4/5/2026 6:57:16 PM ::1 GET /lib/supabase-knowledge-client.js
 HTTP  4/5/2026 6:57:16 PM ::1 Returned 304 in 2 ms
 HTTP  4/5/2026 6:57:16 PM ::1 Returned 304 in 1 ms
 HTTP  4/5/2026 6:57:16 PM ::1 Returned 304 in 1 ms
 HTTP  4/5/2026 6:57:16 PM ::1 GET /locales/ja.json
 HTTP  4/5/2026 6:57:16 PM ::1 Returned 304 in 1 ms
 HTTP  4/5/2026 6:57:16 PM ::1 GET /favicon.ico
 HTTP  4/5/2026 6:57:16 PM ::1 Returned 304 in 2 ms
 HTTP  4/5/2026 6:57:17 PM ::1 GET /
 HTTP  4/5/2026 6:57:17 PM ::1 Returned 304 in 0 ms
 HTTP  4/5/2026 6:57:17 PM ::1 GET /css/index.css?v=20260321-13
 HTTP  4/5/2026 6:57:17 PM ::1 Returned 304 in 1 ms
 HTTP  4/5/2026 6:57:17 PM ::1 GET /css/layout.css?v=20260321-13
 HTTP  4/5/2026 6:57:17 PM ::1 GET /css/chat.css?v=20260322-1
 HTTP  4/5/2026 6:57:17 PM ::1 GET /css/desk.css?v=20260323-1
 HTTP  4/5/2026 6:57:17 PM ::1 GET /css/components.css?v=20260321-13
 HTTP  4/5/2026 6:57:17 PM ::1 GET /js/supabase-config.js?v=neo-99-RECOVERY14
 HTTP  4/5/2026 6:57:17 PM ::1 GET /js/fastclick.min.js?v=FINAL_FORCE_RECOVERY_30
 HTTP  4/5/2026 6:57:17 PM ::1 Returned 304 in 5 ms
 HTTP  4/5/2026 6:57:17 PM ::1 Returned 304 in 2 ms
 HTTP  4/5/2026 6:57:17 PM ::1 Returned 304 in 1 ms
 HTTP  4/5/2026 6:57:17 PM ::1 Returned 304 in 2 ms
 HTTP  4/5/2026 6:57:17 PM ::1 Returned 304 in 2 ms
 HTTP  4/5/2026 6:57:17 PM ::1 Returned 304 in 2 ms
 HTTP  4/5/2026 6:57:17 PM ::1 GET /lib/utils.js?v=NEO_SAFE_PHASE28
 HTTP  4/5/2026 6:57:17 PM ::1 GET /lib/cloud/googleDrive.js?v=NEO_SAFE_PHASE28
 HTTP  4/5/2026 6:57:17 PM ::1 GET /js/store.js?v=NEO_SAFE_PHASE28
 HTTP  4/5/2026 6:57:17 PM ::1 Returned 304 in 1 ms
 HTTP  4/5/2026 6:57:17 PM ::1 Returned 304 in 3 ms
 HTTP  4/5/2026 6:57:17 PM ::1 GET /js/gemini.js?v=NEO_SAFE_PHASE28
 HTTP  4/5/2026 6:57:17 PM ::1 GET /js/doc-engine.js?v=NEO_SAFE_PHASE28
 HTTP  4/5/2026 6:57:17 PM ::1 GET /js/neo-brain.js?v=NEO_SAFE_PHASE28
 HTTP  4/5/2026 6:57:17 PM ::1 Returned 304 in 4 ms
 HTTP  4/5/2026 6:57:17 PM ::1 Returned 304 in 2 ms
 HTTP  4/5/2026 6:57:17 PM ::1 Returned 304 in 1 ms
 HTTP  4/5/2026 6:57:17 PM ::1 GET /js/i18n.js?v=NEO_SAFE_PHASE28
 HTTP  4/5/2026 6:57:17 PM ::1 GET /js/app.js?v=NEO_SAFE_PHASE28
 HTTP  4/5/2026 6:57:17 PM ::1 Returned 304 in 2 ms
 HTTP  4/5/2026 6:57:17 PM ::1 Returned 304 in 1 ms
 HTTP  4/5/2026 6:57:17 PM ::1 GET /pages/chat.js?v=NEO_SAFE_PHASE28
 HTTP  4/5/2026 6:57:17 PM ::1 Returned 304 in 1 ms
 HTTP  4/5/2026 6:57:17 PM ::1 Returned 304 in 2 ms
 HTTP  4/5/2026 6:57:17 PM ::1 GET /js/StaticLexicon.js?v=2.6.5
 HTTP  4/5/2026 6:57:17 PM ::1 GET /js/industries.js?v=2.6.5
 HTTP  4/5/2026 6:57:17 PM ::1 GET /js/GoldenKnowledge.js
 HTTP  4/5/2026 6:57:17 PM ::1 Returned 304 in 1 ms
 HTTP  4/5/2026 6:57:17 PM ::1 Returned 304 in 1 ms
 HTTP  4/5/2026 6:57:17 PM ::1 GET /pages/parseInputToData.js?v=20260321-1
 HTTP  4/5/2026 6:57:17 PM ::1 Returned 304 in 2 ms
 HTTP  4/5/2026 6:57:17 PM ::1 Returned 304 in 2 ms
 HTTP  4/5/2026 6:57:17 PM ::1 GET /lib/cloud/googleDrive.js
 HTTP  4/5/2026 6:57:17 PM ::1 GET /pages/home.js?v=20260321-12
 HTTP  4/5/2026 6:57:17 PM ::1 GET /pages/setup.js
 HTTP  4/5/2026 6:57:17 PM ::1 GET /pages/document-manager.js
 HTTP  4/5/2026 6:57:17 PM ::1 GET /js/userProfile.js?v=20260321-13
 HTTP  4/5/2026 6:57:17 PM ::1 GET /lib/components.js
 HTTP  4/5/2026 6:57:17 PM ::1 Returned 304 in 1 ms
 HTTP  4/5/2026 6:57:17 PM ::1 Returned 304 in 2 ms
 HTTP  4/5/2026 6:57:17 PM ::1 Returned 304 in 4 ms
 HTTP  4/5/2026 6:57:17 PM ::1 Returned 304 in 3 ms
 HTTP  4/5/2026 6:57:17 PM ::1 Returned 304 in 3 ms
 HTTP  4/5/2026 6:57:17 PM ::1 Returned 304 in 3 ms
 HTTP  4/5/2026 6:57:17 PM ::1 GET /lib/core/neoKnowledgeReset.js
 HTTP  4/5/2026 6:57:17 PM ::1 GET /lib/supabase-knowledge-client.js
 HTTP  4/5/2026 6:57:17 PM ::1 GET /lib/supabase-client.js
 HTTP  4/5/2026 6:57:17 PM ::1 Returned 304 in 1 ms
 HTTP  4/5/2026 6:57:17 PM ::1 Returned 304 in 0 ms
 HTTP  4/5/2026 6:57:17 PM ::1 GET /lib/core/intentRouter.js
 HTTP  4/5/2026 6:57:17 PM ::1 GET /lib/export/pdfGenerator.js
 HTTP  4/5/2026 6:57:17 PM ::1 GET /lib/api/geminiClient.js
 HTTP  4/5/2026 6:57:17 PM ::1 Returned 304 in 2 ms
 HTTP  4/5/2026 6:57:17 PM ::1 Returned 304 in 2 ms
 HTTP  4/5/2026 6:57:17 PM ::1 Returned 304 in 1 ms
 HTTP  4/5/2026 6:57:17 PM ::1 Returned 304 in 1 ms
 HTTP  4/5/2026 6:57:17 PM ::1 GET /locales/ja.json
 HTTP  4/5/2026 6:57:17 PM ::1 Returned 304 in 0 ms
 HTTP  4/5/2026 6:57:17 PM ::1 GET /favicon.ico
 HTTP  4/5/2026 6:57:17 PM ::1 Returned 304 in 2 ms
 HTTP  4/5/2026 6:58:04 PM ::1 GET /favicon.ico
 HTTP  4/5/2026 6:58:04 PM ::1 Returned 304 in 11 ms
 HTTP  4/5/2026 6:58:13 PM ::1 GET /favicon.ico
 HTTP  4/5/2026 6:58:13 PM ::1 Returned 304 in 6 ms
 HTTP  4/5/2026 6:58:14 PM ::1 GET /favicon.ico
 HTTP  4/5/2026 6:58:14 PM ::1 Returned 304 in 5 ms
 HTTP  4/5/2026 6:59:15 PM ::1 GET /pages/setup.js
 HTTP  4/5/2026 6:59:15 PM ::1 Returned 304 in 13 ms
 HTTP  4/5/2026 6:59:16 PM ::1 GET /favicon.ico
 HTTP  4/5/2026 6:59:16 PM ::1 Returned 304 in 13 ms
 HTTP  4/5/2026 6:59:29 PM ::1 GET /
 HTTP  4/5/2026 6:59:29 PM ::1 Returned 304 in 40 ms
 HTTP  4/5/2026 6:59:29 PM ::1 GET /css/index.css?v=20260321-13
 HTTP  4/5/2026 6:59:29 PM ::1 GET /css/layout.css?v=20260321-13
 HTTP  4/5/2026 6:59:29 PM ::1 Returned 304 in 7 ms
 HTTP  4/5/2026 6:59:29 PM ::1 Returned 304 in 4 ms
 HTTP  4/5/2026 6:59:29 PM ::1 GET /css/chat.css?v=20260322-1
 HTTP  4/5/2026 6:59:29 PM ::1 GET /css/desk.css?v=20260323-1
 HTTP  4/5/2026 6:59:29 PM ::1 Returned 304 in 18 ms
 HTTP  4/5/2026 6:59:29 PM ::1 Returned 304 in 9 ms
 HTTP  4/5/2026 6:59:29 PM ::1 GET /css/components.css?v=20260321-13
 HTTP  4/5/2026 6:59:29 PM ::1 GET /js/supabase-config.js?v=neo-99-RECOVERY14
 HTTP  4/5/2026 6:59:29 PM ::1 Returned 304 in 6 ms
 HTTP  4/5/2026 6:59:29 PM ::1 Returned 304 in 8 ms
 HTTP  4/5/2026 6:59:29 PM ::1 GET /js/fastclick.min.js?v=FINAL_FORCE_RECOVERY_30
 HTTP  4/5/2026 6:59:29 PM ::1 GET /lib/utils.js?v=NEO_SAFE_PHASE28
 HTTP  4/5/2026 6:59:29 PM ::1 GET /lib/cloud/googleDrive.js?v=NEO_SAFE_PHASE28
 HTTP  4/5/2026 6:59:29 PM ::1 GET /js/store.js?v=NEO_SAFE_PHASE28
 HTTP  4/5/2026 6:59:29 PM ::1 Returned 304 in 38 ms
 HTTP  4/5/2026 6:59:29 PM ::1 Returned 304 in 24 ms
 HTTP  4/5/2026 6:59:29 PM ::1 Returned 304 in 23 ms
 HTTP  4/5/2026 6:59:29 PM ::1 GET /js/neo-brain.js?v=NEO_SAFE_PHASE28
 HTTP  4/5/2026 6:59:29 PM ::1 GET /js/i18n.js?v=NEO_SAFE_PHASE28
 HTTP  4/5/2026 6:59:29 PM ::1 Returned 304 in 13 ms
 HTTP  4/5/2026 6:59:29 PM ::1 Returned 304 in 10 ms
 HTTP  4/5/2026 6:59:29 PM ::1 Returned 304 in 24 ms
 HTTP  4/5/2026 6:59:29 PM ::1 GET /js/doc-engine.js?v=NEO_SAFE_PHASE28
 HTTP  4/5/2026 6:59:29 PM ::1 GET /js/app.js?v=NEO_SAFE_PHASE28
 HTTP  4/5/2026 6:59:29 PM ::1 GET /pages/chat.js?v=NEO_SAFE_PHASE28
 HTTP  4/5/2026 6:59:29 PM ::1 GET /js/gemini.js?v=NEO_SAFE_PHASE28
 HTTP  4/5/2026 6:59:29 PM ::1 Returned 304 in 6 ms
 HTTP  4/5/2026 6:59:29 PM ::1 Returned 304 in 38 ms
 HTTP  4/5/2026 6:59:29 PM ::1 Returned 304 in 42 ms
 HTTP  4/5/2026 6:59:29 PM ::1 Returned 304 in 42 ms
 HTTP  4/5/2026 6:59:29 PM ::1 GET /js/StaticLexicon.js?v=2.6.5
 HTTP  4/5/2026 6:59:29 PM ::1 GET /js/industries.js?v=2.6.5
 HTTP  4/5/2026 6:59:29 PM ::1 GET /js/GoldenKnowledge.js
 HTTP  4/5/2026 6:59:29 PM ::1 GET /pages/parseInputToData.js?v=20260321-1
 HTTP  4/5/2026 6:59:29 PM ::1 GET /lib/components.js
 HTTP  4/5/2026 6:59:29 PM ::1 GET /lib/cloud/googleDrive.js
 HTTP  4/5/2026 6:59:29 PM ::1 Returned 304 in 30 ms
 HTTP  4/5/2026 6:59:29 PM ::1 Returned 304 in 7 ms
 HTTP  4/5/2026 6:59:29 PM ::1 Returned 304 in 13 ms
 HTTP  4/5/2026 6:59:29 PM ::1 Returned 304 in 15 ms
 HTTP  4/5/2026 6:59:29 PM ::1 Returned 304 in 16 ms
 HTTP  4/5/2026 6:59:29 PM ::1 Returned 304 in 17 ms
 HTTP  4/5/2026 6:59:29 PM ::1 GET /pages/home.js?v=20260321-12
 HTTP  4/5/2026 6:59:29 PM ::1 GET /pages/setup.js
 HTTP  4/5/2026 6:59:29 PM ::1 GET /pages/document-manager.js
 HTTP  4/5/2026 6:59:29 PM ::1 Returned 304 in 7 ms
 HTTP  4/5/2026 6:59:29 PM ::1 Returned 304 in 8 ms
 HTTP  4/5/2026 6:59:29 PM ::1 GET /js/userProfile.js?v=20260321-13
 HTTP  4/5/2026 6:59:29 PM ::1 GET /lib/supabase-client.js
 HTTP  4/5/2026 6:59:29 PM ::1 GET /lib/core/intentRouter.js
 HTTP  4/5/2026 6:59:29 PM ::1 GET /lib/core/neoKnowledgeReset.js
 HTTP  4/5/2026 6:59:29 PM ::1 GET /lib/supabase-knowledge-client.js
 HTTP  4/5/2026 6:59:29 PM ::1 Returned 304 in 12 ms
 HTTP  4/5/2026 6:59:29 PM ::1 Returned 304 in 17 ms
 HTTP  4/5/2026 6:59:29 PM ::1 Returned 304 in 18 ms
 HTTP  4/5/2026 6:59:29 PM ::1 Returned 304 in 22 ms
 HTTP  4/5/2026 6:59:29 PM ::1 Returned 304 in 23 ms
 HTTP  4/5/2026 6:59:29 PM ::1 Returned 304 in 24 ms
 HTTP  4/5/2026 6:59:29 PM ::1 GET /lib/export/pdfGenerator.js
 HTTP  4/5/2026 6:59:29 PM ::1 GET /lib/api/geminiClient.js
 HTTP  4/5/2026 6:59:29 PM ::1 Returned 304 in 1 ms
 HTTP  4/5/2026 6:59:29 PM ::1 Returned 304 in 7 ms
 HTTP  4/5/2026 6:59:29 PM ::1 GET /locales/ja.json
 HTTP  4/5/2026 6:59:29 PM ::1 GET /favicon.ico
 HTTP  4/5/2026 6:59:29 PM ::1 Returned 304 in 55 ms
 HTTP  4/5/2026 6:59:29 PM ::1 Returned 304 in 13 ms
 HTTP  4/5/2026 6:59:34 PM ::1 GET /views/home.html?v=1775383174665
 HTTP  4/5/2026 6:59:34 PM ::1 Returned 200 in 49 ms
 HTTP  4/5/2026 6:59:34 PM ::1 GET /pages/home.js
 HTTP  4/5/2026 6:59:34 PM ::1 Returned 304 in 0 ms
 HTTP  4/5/2026 6:59:34 PM ::1 GET /img/neo_avatar.jpg
 HTTP  4/5/2026 6:59:34 PM ::1 Returned 304 in 7 ms
 HTTP  4/5/2026 7:00:44 PM ::1 GET /js/app.js
 HTTP  4/5/2026 7:00:44 PM ::1 Returned 200 in 761 ms
 HTTP  4/5/2026 7:00:47 PM ::1 GET /favicon.ico
 HTTP  4/5/2026 7:00:47 PM ::1 Returned 304 in 2 ms
 HTTP  4/5/2026 7:00:49 PM ::1 GET /js/app.js
 HTTP  4/5/2026 7:00:49 PM ::1 Returned 304 in 2 ms
 HTTP  4/5/2026 7:00:50 PM ::1 GET /favicon.ico
 HTTP  4/5/2026 7:00:50 PM ::1 Returned 304 in 5 ms
 HTTP  4/5/2026 7:03:37 PM ::1 GET /
 HTTP  4/5/2026 7:03:37 PM ::1 Returned 304 in 6 ms
 HTTP  4/5/2026 7:03:37 PM ::1 GET /css/index.css?v=20260321-13
 HTTP  4/5/2026 7:03:37 PM ::1 GET /css/layout.css?v=20260321-13
 HTTP  4/5/2026 7:03:37 PM ::1 Returned 304 in 7 ms
 HTTP  4/5/2026 7:03:37 PM ::1 Returned 304 in 8 ms
 HTTP  4/5/2026 7:03:37 PM ::1 GET /css/chat.css?v=20260322-1
 HTTP  4/5/2026 7:03:37 PM ::1 GET /js/supabase-config.js?v=neo-99-RECOVERY14
 HTTP  4/5/2026 7:03:37 PM ::1 Returned 304 in 2 ms
 HTTP  4/5/2026 7:03:37 PM ::1 GET /css/desk.css?v=20260323-1
 HTTP  4/5/2026 7:03:37 PM ::1 GET /lib/utils.js?v=NEO_SAFE_PHASE28
 HTTP  4/5/2026 7:03:37 PM ::1 Returned 304 in 8 ms
 HTTP  4/5/2026 7:03:37 PM ::1 Returned 304 in 6 ms
 HTTP  4/5/2026 7:03:37 PM ::1 GET /lib/cloud/googleDrive.js?v=NEO_SAFE_PHASE28
 HTTP  4/5/2026 7:03:37 PM ::1 GET /css/components.css?v=20260321-13
 HTTP  4/5/2026 7:03:37 PM ::1 Returned 304 in 3 ms
 HTTP  4/5/2026 7:03:37 PM ::1 Returned 304 in 3 ms
 HTTP  4/5/2026 7:03:37 PM ::1 GET /js/store.js?v=NEO_SAFE_PHASE28
 HTTP  4/5/2026 7:03:37 PM ::1 GET /js/gemini.js?v=NEO_SAFE_PHASE28
 HTTP  4/5/2026 7:03:37 PM ::1 GET /js/fastclick.min.js?v=FINAL_FORCE_RECOVERY_30
 HTTP  4/5/2026 7:03:37 PM ::1 Returned 304 in 5 ms
 HTTP  4/5/2026 7:03:37 PM ::1 Returned 304 in 3 ms
 HTTP  4/5/2026 7:03:37 PM ::1 Returned 304 in 3 ms
 HTTP  4/5/2026 7:03:37 PM ::1 GET /js/neo-brain.js?v=NEO_SAFE_PHASE28
 HTTP  4/5/2026 7:03:37 PM ::1 GET /js/doc-engine.js?v=NEO_SAFE_PHASE28
 HTTP  4/5/2026 7:03:37 PM ::1 Returned 304 in 7 ms
 HTTP  4/5/2026 7:03:37 PM ::1 Returned 304 in 7 ms
 HTTP  4/5/2026 7:03:37 PM ::1 GET /js/i18n.js?v=NEO_SAFE_PHASE28
 HTTP  4/5/2026 7:03:37 PM ::1 GET /js/app.js?v=NEO_SAFE_PHASE28
 HTTP  4/5/2026 7:03:37 PM ::1 GET /pages/chat.js?v=NEO_SAFE_PHASE28
 HTTP  4/5/2026 7:03:37 PM ::1 Returned 304 in 6 ms
 HTTP  4/5/2026 7:03:37 PM ::1 Returned 304 in 2 ms
 HTTP  4/5/2026 7:03:37 PM ::1 Returned 304 in 2 ms
 HTTP  4/5/2026 7:03:37 PM ::1 Returned 304 in 7 ms
 HTTP  4/5/2026 7:03:37 PM ::1 GET /js/StaticLexicon.js?v=2.6.5
 HTTP  4/5/2026 7:03:37 PM ::1 Returned 304 in 4 ms
 HTTP  4/5/2026 7:03:37 PM ::1 GET /js/industries.js?v=2.6.5
 HTTP  4/5/2026 7:03:37 PM ::1 Returned 304 in 1 ms
 HTTP  4/5/2026 7:03:37 PM ::1 GET /js/GoldenKnowledge.js
 HTTP  4/5/2026 7:03:37 PM ::1 Returned 304 in 2 ms
 HTTP  4/5/2026 7:03:37 PM ::1 GET /pages/parseInputToData.js?v=20260321-1
 HTTP  4/5/2026 7:03:37 PM ::1 Returned 304 in 1 ms
 HTTP  4/5/2026 7:03:37 PM ::1 GET /lib/components.js
 HTTP  4/5/2026 7:03:37 PM ::1 GET /lib/cloud/googleDrive.js
 HTTP  4/5/2026 7:03:37 PM ::1 GET /pages/home.js?v=20260321-12
 HTTP  4/5/2026 7:03:37 PM ::1 GET /pages/setup.js
 HTTP  4/5/2026 7:03:37 PM ::1 GET /pages/document-manager.js
 HTTP  4/5/2026 7:03:37 PM ::1 Returned 304 in 2 ms
 HTTP  4/5/2026 7:03:37 PM ::1 Returned 304 in 8 ms
 HTTP  4/5/2026 7:03:37 PM ::1 Returned 304 in 8 ms
 HTTP  4/5/2026 7:03:37 PM ::1 Returned 304 in 8 ms
 HTTP  4/5/2026 7:03:37 PM ::1 GET /js/userProfile.js?v=20260321-13
 HTTP  4/5/2026 7:03:37 PM ::1 Returned 304 in 13 ms
 HTTP  4/5/2026 7:03:37 PM ::1 GET /lib/core/neoKnowledgeReset.js
 HTTP  4/5/2026 7:03:37 PM ::1 GET /lib/supabase-client.js
 HTTP  4/5/2026 7:03:37 PM ::1 GET /lib/core/intentRouter.js
 HTTP  4/5/2026 7:03:37 PM ::1 GET /lib/supabase-knowledge-client.js
 HTTP  4/5/2026 7:03:37 PM ::1 Returned 304 in 7 ms
 HTTP  4/5/2026 7:03:37 PM ::1 Returned 304 in 3 ms
 HTTP  4/5/2026 7:03:37 PM ::1 Returned 304 in 2 ms
 HTTP  4/5/2026 7:03:37 PM ::1 Returned 304 in 2 ms
 HTTP  4/5/2026 7:03:37 PM ::1 GET /lib/export/pdfGenerator.js
 HTTP  4/5/2026 7:03:37 PM ::1 Returned 304 in 3 ms
 HTTP  4/5/2026 7:03:37 PM ::1 GET /lib/api/geminiClient.js
 HTTP  4/5/2026 7:03:37 PM ::1 Returned 304 in 5 ms
 HTTP  4/5/2026 7:03:37 PM ::1 Returned 304 in 4 ms
 HTTP  4/5/2026 7:03:37 PM ::1 GET /locales/ja.json
 HTTP  4/5/2026 7:03:37 PM ::1 GET /favicon.ico
 HTTP  4/5/2026 7:03:37 PM ::1 Returned 304 in 5 ms
 HTTP  4/5/2026 7:03:37 PM ::1 Returned 304 in 3 ms
 HTTP  4/5/2026 7:03:37 PM ::1 GET /
 HTTP  4/5/2026 7:03:37 PM ::1 Returned 304 in 1 ms
 HTTP  4/5/2026 7:03:37 PM ::1 GET /css/index.css?v=20260321-13
 HTTP  4/5/2026 7:03:37 PM ::1 GET /css/layout.css?v=20260321-13
 HTTP  4/5/2026 7:03:37 PM ::1 GET /css/chat.css?v=20260322-1
 HTTP  4/5/2026 7:03:37 PM ::1 GET /css/desk.css?v=20260323-1
 HTTP  4/5/2026 7:03:37 PM ::1 GET /css/components.css?v=20260321-13
 HTTP  4/5/2026 7:03:37 PM ::1 GET /js/supabase-config.js?v=neo-99-RECOVERY14
 HTTP  4/5/2026 7:03:37 PM ::1 Returned 304 in 9 ms
 HTTP  4/5/2026 7:03:37 PM ::1 Returned 304 in 8 ms
 HTTP  4/5/2026 7:03:37 PM ::1 Returned 304 in 10 ms
 HTTP  4/5/2026 7:03:37 PM ::1 Returned 304 in 8 ms
 HTTP  4/5/2026 7:03:37 PM ::1 Returned 304 in 8 ms
 HTTP  4/5/2026 7:03:37 PM ::1 Returned 304 in 7 ms
 HTTP  4/5/2026 7:03:37 PM ::1 GET /js/fastclick.min.js?v=FINAL_FORCE_RECOVERY_30
 HTTP  4/5/2026 7:03:37 PM ::1 GET /lib/utils.js?v=NEO_SAFE_PHASE28
 HTTP  4/5/2026 7:03:37 PM ::1 GET /lib/cloud/googleDrive.js?v=NEO_SAFE_PHASE28
 HTTP  4/5/2026 7:03:37 PM ::1 GET /js/store.js?v=NEO_SAFE_PHASE28
 HTTP  4/5/2026 7:03:37 PM ::1 GET /js/gemini.js?v=NEO_SAFE_PHASE28
 HTTP  4/5/2026 7:03:37 PM ::1 Returned 304 in 5 ms
 HTTP  4/5/2026 7:03:37 PM ::1 Returned 304 in 6 ms
 HTTP  4/5/2026 7:03:37 PM ::1 Returned 304 in 6 ms
 HTTP  4/5/2026 7:03:37 PM ::1 Returned 304 in 6 ms
 HTTP  4/5/2026 7:03:37 PM ::1 GET /js/neo-brain.js?v=NEO_SAFE_PHASE28
 HTTP  4/5/2026 7:03:37 PM ::1 Returned 304 in 7 ms
 HTTP  4/5/2026 7:03:37 PM ::1 GET /js/doc-engine.js?v=NEO_SAFE_PHASE28
 HTTP  4/5/2026 7:03:37 PM ::1 GET /js/i18n.js?v=NEO_SAFE_PHASE28
 HTTP  4/5/2026 7:03:37 PM ::1 GET /js/app.js?v=NEO_SAFE_PHASE28
 HTTP  4/5/2026 7:03:37 PM ::1 GET /pages/chat.js?v=NEO_SAFE_PHASE28
 HTTP  4/5/2026 7:03:37 PM ::1 Returned 304 in 6 ms
 HTTP  4/5/2026 7:03:37 PM ::1 Returned 304 in 5 ms
 HTTP  4/5/2026 7:03:37 PM ::1 Returned 304 in 5 ms
 HTTP  4/5/2026 7:03:37 PM ::1 Returned 304 in 5 ms
 HTTP  4/5/2026 7:03:37 PM ::1 Returned 304 in 5 ms
 HTTP  4/5/2026 7:03:37 PM ::1 GET /js/StaticLexicon.js?v=2.6.5
 HTTP  4/5/2026 7:03:37 PM ::1 GET /js/industries.js?v=2.6.5
 HTTP  4/5/2026 7:03:38 PM ::1 GET /js/GoldenKnowledge.js
 HTTP  4/5/2026 7:03:38 PM ::1 GET /pages/parseInputToData.js?v=20260321-1
 HTTP  4/5/2026 7:03:37 PM ::1 Returned 304 in 2 ms
 HTTP  4/5/2026 7:03:37 PM ::1 Returned 304 in 5 ms
 HTTP  4/5/2026 7:03:38 PM ::1 Returned 304 in 5 ms
 HTTP  4/5/2026 7:03:38 PM ::1 Returned 304 in 5 ms
 HTTP  4/5/2026 7:03:38 PM ::1 GET /lib/components.js
 HTTP  4/5/2026 7:03:38 PM ::1 GET /lib/cloud/googleDrive.js
 HTTP  4/5/2026 7:03:38 PM ::1 GET /pages/home.js?v=20260321-12
 HTTP  4/5/2026 7:03:38 PM ::1 GET /pages/setup.js
 HTTP  4/5/2026 7:03:38 PM ::1 GET /pages/document-manager.js
 HTTP  4/5/2026 7:03:38 PM ::1 GET /js/userProfile.js?v=20260321-13
 HTTP  4/5/2026 7:03:38 PM ::1 Returned 304 in 4 ms
 HTTP  4/5/2026 7:03:38 PM ::1 Returned 304 in 3 ms
 HTTP  4/5/2026 7:03:38 PM ::1 Returned 304 in 3 ms
 HTTP  4/5/2026 7:03:38 PM ::1 Returned 304 in 4 ms
 HTTP  4/5/2026 7:03:38 PM ::1 Returned 304 in 5 ms
 HTTP  4/5/2026 7:03:38 PM ::1 GET /lib/supabase-client.js
 HTTP  4/5/2026 7:03:38 PM ::1 GET /lib/core/intentRouter.js
 HTTP  4/5/2026 7:03:38 PM ::1 Returned 304 in 5 ms
 HTTP  4/5/2026 7:03:38 PM ::1 Returned 304 in 1 ms
 HTTP  4/5/2026 7:03:38 PM ::1 GET /lib/core/neoKnowledgeReset.js
 HTTP  4/5/2026 7:03:38 PM ::1 GET /lib/supabase-knowledge-client.js
 HTTP  4/5/2026 7:03:38 PM ::1 GET /lib/export/pdfGenerator.js
 HTTP  4/5/2026 7:03:38 PM ::1 Returned 304 in 2 ms
 HTTP  4/5/2026 7:03:38 PM ::1 Returned 304 in 4 ms
 HTTP  4/5/2026 7:03:38 PM ::1 Returned 304 in 6 ms
 HTTP  4/5/2026 7:03:38 PM ::1 GET /lib/api/geminiClient.js
 HTTP  4/5/2026 7:03:38 PM ::1 Returned 304 in 5 ms
 HTTP  4/5/2026 7:03:38 PM ::1 Returned 304 in 1 ms
 HTTP  4/5/2026 7:03:38 PM ::1 GET /locales/ja.json
 HTTP  4/5/2026 7:03:38 PM ::1 Returned 304 in 1 ms
 HTTP  4/5/2026 7:03:38 PM ::1 GET /favicon.ico
 HTTP  4/5/2026 7:03:38 PM ::1 Returned 304 in 1 ms
 HTTP  4/5/2026 7:03:39 PM ::1 GET /views/home.html?v=1775383419006
 HTTP  4/5/2026 7:03:39 PM ::1 Returned 200 in 1 ms
 HTTP  4/5/2026 7:03:39 PM ::1 GET /pages/home.js
 HTTP  4/5/2026 7:03:39 PM ::1 GET /img/neo_avatar.jpg
 HTTP  4/5/2026 7:03:39 PM ::1 Returned 304 in 1 ms
 HTTP  4/5/2026 7:03:39 PM ::1 Returned 304 in 0 ms
 HTTP  4/5/2026 7:03:41 PM ::1 GET /
 HTTP  4/5/2026 7:03:41 PM ::1 Returned 200 in 2 ms
 HTTP  4/5/2026 7:03:41 PM ::1 GET /css/index.css?v=20260321-13
 HTTP  4/5/2026 7:03:41 PM ::1 GET /css/layout.css?v=20260321-13
 HTTP  4/5/2026 7:03:41 PM ::1 GET /css/desk.css?v=20260323-1
 HTTP  4/5/2026 7:03:41 PM ::1 GET /css/chat.css?v=20260322-1
 HTTP  4/5/2026 7:03:41 PM ::1 Returned 200 in 6 ms
 HTTP  4/5/2026 7:03:41 PM ::1 Returned 200 in 7 ms
 HTTP  4/5/2026 7:03:41 PM ::1 Returned 200 in 6 ms
 HTTP  4/5/2026 7:03:41 PM ::1 Returned 200 in 6 ms
 HTTP  4/5/2026 7:03:41 PM ::1 GET /js/fastclick.min.js?v=FINAL_FORCE_RECOVERY_30
 HTTP  4/5/2026 7:03:41 PM ::1 GET /css/components.css?v=20260321-13
 HTTP  4/5/2026 7:03:41 PM ::1 Returned 200 in 0 ms
 HTTP  4/5/2026 7:03:41 PM ::1 Returned 200 in 1 ms
 HTTP  4/5/2026 7:03:41 PM ::1 GET /js/supabase-config.js?v=neo-99-RECOVERY14
 HTTP  4/5/2026 7:03:41 PM ::1 GET /lib/utils.js?v=NEO_SAFE_PHASE28
 HTTP  4/5/2026 7:03:41 PM ::1 GET /lib/cloud/googleDrive.js?v=NEO_SAFE_PHASE28
 HTTP  4/5/2026 7:03:41 PM ::1 Returned 200 in 7 ms
 HTTP  4/5/2026 7:03:41 PM ::1 Returned 200 in 6 ms
 HTTP  4/5/2026 7:03:41 PM ::1 GET /js/store.js?v=NEO_SAFE_PHASE28
 HTTP  4/5/2026 7:03:41 PM ::1 GET /js/gemini.js?v=NEO_SAFE_PHASE28
 HTTP  4/5/2026 7:03:41 PM ::1 Returned 200 in 6 ms
 HTTP  4/5/2026 7:03:41 PM ::1 GET /js/neo-brain.js?v=NEO_SAFE_PHASE28
 HTTP  4/5/2026 7:03:41 PM ::1 Returned 200 in 4 ms
 HTTP  4/5/2026 7:03:41 PM ::1 Returned 200 in 5 ms
 HTTP  4/5/2026 7:03:41 PM ::1 Returned 200 in 3 ms
 HTTP  4/5/2026 7:03:41 PM ::1 GET /js/doc-engine.js?v=NEO_SAFE_PHASE28
 HTTP  4/5/2026 7:03:41 PM ::1 GET /js/i18n.js?v=NEO_SAFE_PHASE28
 HTTP  4/5/2026 7:03:41 PM ::1 Returned 200 in 6 ms
 HTTP  4/5/2026 7:03:41 PM ::1 Returned 200 in 3 ms
 HTTP  4/5/2026 7:03:41 PM ::1 GET /pages/chat.js?v=NEO_SAFE_PHASE28
 HTTP  4/5/2026 7:03:41 PM ::1 GET /js/app.js?v=NEO_SAFE_PHASE28
 HTTP  4/5/2026 7:03:41 PM ::1 Returned 200 in 2 ms
 HTTP  4/5/2026 7:03:41 PM ::1 Returned 200 in 5 ms
 HTTP  4/5/2026 7:03:41 PM ::1 GET /
 HTTP  4/5/2026 7:03:41 PM ::1 Returned 200 in 0 ms
 HTTP  4/5/2026 7:03:41 PM ::1 GET /js/StaticLexicon.js?v=2.6.5
 HTTP  4/5/2026 7:03:41 PM ::1 Returned 200 in 3 ms
 HTTP  4/5/2026 7:03:41 PM ::1 GET /css/index.css?v=20260321-13
 HTTP  4/5/2026 7:03:41 PM ::1 GET /css/layout.css?v=20260321-13
 HTTP  4/5/2026 7:03:41 PM ::1 GET /css/chat.css?v=20260322-1
 HTTP  4/5/2026 7:03:41 PM ::1 GET /css/desk.css?v=20260323-1
 HTTP  4/5/2026 7:03:41 PM ::1 GET /css/components.css?v=20260321-13
 HTTP  4/5/2026 7:03:41 PM ::1 Returned 200 in 8 ms
 HTTP  4/5/2026 7:03:41 PM ::1 Returned 200 in 2 ms
 HTTP  4/5/2026 7:03:41 PM ::1 Returned 200 in 1 ms
 HTTP  4/5/2026 7:03:41 PM ::1 Returned 200 in 2 ms
 HTTP  4/5/2026 7:03:41 PM ::1 Returned 200 in 3 ms
 HTTP  4/5/2026 7:03:41 PM ::1 GET /js/supabase-config.js?v=neo-99-RECOVERY14
 HTTP  4/5/2026 7:03:41 PM ::1 Returned 200 in 1 ms
 HTTP  4/5/2026 7:03:41 PM ::1 GET /js/fastclick.min.js?v=FINAL_FORCE_RECOVERY_30
 HTTP  4/5/2026 7:03:41 PM ::1 GET /lib/utils.js?v=NEO_SAFE_PHASE28
 HTTP  4/5/2026 7:03:41 PM ::1 GET /lib/cloud/googleDrive.js?v=NEO_SAFE_PHASE28
 HTTP  4/5/2026 7:03:41 PM ::1 Returned 200 in 12 ms
 HTTP  4/5/2026 7:03:41 PM ::1 Returned 200 in 9 ms
 HTTP  4/5/2026 7:03:41 PM ::1 GET /js/store.js?v=NEO_SAFE_PHASE28
 HTTP  4/5/2026 7:03:41 PM ::1 GET /js/gemini.js?v=NEO_SAFE_PHASE28
 HTTP  4/5/2026 7:03:41 PM ::1 Returned 200 in 6 ms
 HTTP  4/5/2026 7:03:41 PM ::1 Returned 200 in 1 ms
 HTTP  4/5/2026 7:03:41 PM ::1 Returned 200 in 1 ms
 HTTP  4/5/2026 7:03:41 PM ::1 GET /js/neo-brain.js?v=NEO_SAFE_PHASE28
 HTTP  4/5/2026 7:03:41 PM ::1 Returned 200 in 6 ms
 HTTP  4/5/2026 7:03:41 PM ::1 GET /js/doc-engine.js?v=NEO_SAFE_PHASE28
 HTTP  4/5/2026 7:03:41 PM ::1 GET /js/i18n.js?v=NEO_SAFE_PHASE28
 HTTP  4/5/2026 7:03:41 PM ::1 Returned 200 in 4 ms
 HTTP  4/5/2026 7:03:41 PM ::1 Returned 200 in 5 ms
 HTTP  4/5/2026 7:03:41 PM ::1 GET /js/app.js?v=NEO_SAFE_PHASE28
 HTTP  4/5/2026 7:03:41 PM ::1 GET /pages/chat.js?v=NEO_SAFE_PHASE28
 HTTP  4/5/2026 7:03:41 PM ::1 Returned 200 in 1 ms
 HTTP  4/5/2026 7:03:41 PM ::1 Returned 200 in 4 ms
 HTTP  4/5/2026 7:03:41 PM ::1 GET /js/StaticLexicon.js?v=2.6.5
 HTTP  4/5/2026 7:03:41 PM ::1 Returned 200 in 1 ms
 HTTP  4/5/2026 7:03:41 PM ::1 GET /js/industries.js?v=2.6.5
 HTTP  4/5/2026 7:03:41 PM ::1 Returned 200 in 1 ms
 HTTP  4/5/2026 7:03:41 PM ::1 GET /js/GoldenKnowledge.js
 HTTP  4/5/2026 7:03:41 PM ::1 GET /pages/parseInputToData.js?v=20260321-1
 HTTP  4/5/2026 7:03:41 PM ::1 Returned 200 in 0 ms
 HTTP  4/5/2026 7:03:41 PM ::1 Returned 200 in 2 ms
 HTTP  4/5/2026 7:03:41 PM ::1 GET /lib/components.js
 HTTP  4/5/2026 7:03:41 PM ::1 GET /lib/cloud/googleDrive.js
 HTTP  4/5/2026 7:03:41 PM ::1 GET /pages/home.js?v=20260321-12
 HTTP  4/5/2026 7:03:41 PM ::1 GET /pages/setup.js
 HTTP  4/5/2026 7:03:41 PM ::1 GET /pages/document-manager.js
 HTTP  4/5/2026 7:03:41 PM ::1 GET /js/userProfile.js?v=20260321-13
 HTTP  4/5/2026 7:03:41 PM ::1 Returned 200 in 2 ms
 HTTP  4/5/2026 7:03:41 PM ::1 Returned 200 in 2 ms
 HTTP  4/5/2026 7:03:41 PM ::1 Returned 200 in 1 ms
 HTTP  4/5/2026 7:03:41 PM ::1 Returned 200 in 1 ms
 HTTP  4/5/2026 7:03:41 PM ::1 Returned 200 in 1 ms
 HTTP  4/5/2026 7:03:41 PM ::1 Returned 200 in 2 ms
 HTTP  4/5/2026 7:03:41 PM ::1 GET /lib/core/neoKnowledgeReset.js
 HTTP  4/5/2026 7:03:41 PM ::1 GET /lib/supabase-knowledge-client.js
 HTTP  4/5/2026 7:03:41 PM ::1 Returned 200 in 3 ms
 HTTP  4/5/2026 7:03:41 PM ::1 Returned 200 in 3 ms
 HTTP  4/5/2026 7:03:41 PM ::1 GET /lib/supabase-client.js
 HTTP  4/5/2026 7:03:41 PM ::1 GET /lib/core/intentRouter.js
 HTTP  4/5/2026 7:03:41 PM ::1 GET /lib/export/pdfGenerator.js
 HTTP  4/5/2026 7:03:41 PM ::1 Returned 200 in 1 ms
 HTTP  4/5/2026 7:03:41 PM ::1 Returned 200 in 1 ms
 HTTP  4/5/2026 7:03:41 PM ::1 GET /lib/api/geminiClient.js
 HTTP  4/5/2026 7:03:41 PM ::1 Returned 200 in 1 ms
 HTTP  4/5/2026 7:03:41 PM ::1 Returned 200 in 1 ms
 HTTP  4/5/2026 7:03:41 PM ::1 GET /locales/ja.json
 HTTP  4/5/2026 7:03:41 PM ::1 Returned 200 in 3 ms
 HTTP  4/5/2026 7:03:41 PM ::1 GET /favicon.ico
 HTTP  4/5/2026 7:03:41 PM ::1 Returned 200 in 1 ms
 HTTP  4/5/2026 7:03:42 PM ::1 GET /views/home.html?v=1775383422938
 HTTP  4/5/2026 7:03:42 PM ::1 Returned 200 in 1 ms
 HTTP  4/5/2026 7:03:42 PM ::1 GET /img/neo_avatar.jpg
 HTTP  4/5/2026 7:03:42 PM ::1 GET /pages/home.js
 HTTP  4/5/2026 7:03:42 PM ::1 Returned 304 in 6 ms
 HTTP  4/5/2026 7:03:42 PM ::1 Returned 304 in 1 ms
 HTTP  4/5/2026 7:03:46 PM ::1 GET /css/index.css?v=20260321-13
 HTTP  4/5/2026 7:03:46 PM ::1 GET /css/layout.css?v=20260321-13
 HTTP  4/5/2026 7:03:46 PM ::1 GET /css/chat.css?v=20260322-1
 HTTP  4/5/2026 7:03:46 PM ::1 GET /css/components.css?v=20260321-13
 HTTP  4/5/2026 7:03:46 PM ::1 GET /css/desk.css?v=20260323-1
 HTTP  4/5/2026 7:03:46 PM ::1 GET /.well-known/appspecific/com.chrome.devtools.json
 HTTP  4/5/2026 7:03:46 PM ::1 Returned 304 in 10 ms
 HTTP  4/5/2026 7:03:46 PM ::1 Returned 304 in 10 ms
 HTTP  4/5/2026 7:03:46 PM ::1 Returned 304 in 10 ms
 HTTP  4/5/2026 7:03:46 PM ::1 Returned 304 in 10 ms
 HTTP  4/5/2026 7:03:46 PM ::1 Returned 304 in 14 ms
 HTTP  4/5/2026 7:03:46 PM ::1 Returned 304 in 15 ms
 HTTP  4/5/2026 7:03:53 PM ::1 GET /views/project.html?v=1775383433122
 HTTP  4/5/2026 7:03:53 PM ::1 Returned 200 in 3 ms
 HTTP  4/5/2026 7:03:53 PM ::1 GET /pages/project.js
 HTTP  4/5/2026 7:03:53 PM ::1 Returned 304 in 1 ms
 HTTP  4/5/2026 7:04:11 PM ::1 GET /views/account.html?v=1775383451505
 HTTP  4/5/2026 7:04:11 PM ::1 Returned 200 in 1 ms
 HTTP  4/5/2026 7:04:11 PM ::1 GET /pages/account-settings.js
 HTTP  4/5/2026 7:04:11 PM ::1 Returned 304 in 2 ms
 HTTP  4/5/2026 7:04:15 PM ::1 GET /
 HTTP  4/5/2026 7:04:15 PM ::1 Returned 304 in 4 ms
 HTTP  4/5/2026 7:04:15 PM ::1 GET /.well-known/appspecific/com.chrome.devtools.json
 HTTP  4/5/2026 7:04:15 PM ::1 GET /css/index.css?v=20260321-13
 HTTP  4/5/2026 7:04:15 PM ::1 Returned 304 in 2 ms
 HTTP  4/5/2026 7:04:15 PM ::1 Returned 304 in 18 ms
 HTTP  4/5/2026 7:04:15 PM ::1 GET /css/layout.css?v=20260321-13
 HTTP  4/5/2026 7:04:15 PM ::1 Returned 304 in 1 ms
 HTTP  4/5/2026 7:04:15 PM ::1 GET /js/supabase-config.js?v=neo-99-RECOVERY14
 HTTP  4/5/2026 7:04:15 PM ::1 GET /js/fastclick.min.js?v=FINAL_FORCE_RECOVERY_30
 HTTP  4/5/2026 7:04:15 PM ::1 GET /css/desk.css?v=20260323-1
 HTTP  4/5/2026 7:04:15 PM ::1 Returned 304 in 2 ms
 HTTP  4/5/2026 7:04:15 PM ::1 Returned 304 in 4 ms
 HTTP  4/5/2026 7:04:15 PM ::1 GET /lib/utils.js?v=NEO_SAFE_PHASE28
 HTTP  4/5/2026 7:04:15 PM ::1 GET /css/chat.css?v=20260322-1
 HTTP  4/5/2026 7:04:15 PM ::1 GET /js/store.js?v=NEO_SAFE_PHASE28
 HTTP  4/5/2026 7:04:15 PM ::1 Returned 304 in 17 ms
 HTTP  4/5/2026 7:04:15 PM ::1 Returned 304 in 4 ms
 HTTP  4/5/2026 7:04:15 PM ::1 Returned 304 in 9 ms
 HTTP  4/5/2026 7:04:15 PM ::1 GET /js/gemini.js?v=NEO_SAFE_PHASE28
 HTTP  4/5/2026 7:04:15 PM ::1 GET /css/components.css?v=20260321-13
 HTTP  4/5/2026 7:04:15 PM ::1 Returned 304 in 10 ms
 HTTP  4/5/2026 7:04:15 PM ::1 Returned 304 in 4 ms
 HTTP  4/5/2026 7:04:15 PM ::1 GET /js/i18n.js?v=NEO_SAFE_PHASE28
 HTTP  4/5/2026 7:04:15 PM ::1 GET /js/app.js?v=NEO_SAFE_PHASE28
 HTTP  4/5/2026 7:04:15 PM ::1 GET /lib/cloud/googleDrive.js?v=NEO_SAFE_PHASE28
 HTTP  4/5/2026 7:04:15 PM ::1 Returned 304 in 4 ms
 HTTP  4/5/2026 7:04:15 PM ::1 Returned 304 in 2 ms
 HTTP  4/5/2026 7:04:15 PM ::1 Returned 304 in 3 ms
 HTTP  4/5/2026 7:04:15 PM ::1 GET /js/neo-brain.js?v=NEO_SAFE_PHASE28
 HTTP  4/5/2026 7:04:15 PM ::1 GET /js/doc-engine.js?v=NEO_SAFE_PHASE28
 HTTP  4/5/2026 7:04:15 PM ::1 Returned 304 in 4 ms
 HTTP  4/5/2026 7:04:15 PM ::1 Returned 304 in 2 ms
 HTTP  4/5/2026 7:04:15 PM ::1 Returned 304 in 1 ms
 HTTP  4/5/2026 7:04:15 PM ::1 GET /pages/chat.js?v=NEO_SAFE_PHASE28
 HTTP  4/5/2026 7:04:15 PM ::1 Returned 304 in 1 ms
 HTTP  4/5/2026 7:04:15 PM ::1 GET /js/StaticLexicon.js?v=2.6.5
 HTTP  4/5/2026 7:04:15 PM ::1 Returned 304 in 2 ms
 HTTP  4/5/2026 7:04:15 PM ::1 GET /js/industries.js?v=2.6.5
 HTTP  4/5/2026 7:04:15 PM ::1 GET /js/GoldenKnowledge.js
 HTTP  4/5/2026 7:04:15 PM ::1 Returned 304 in 2 ms
 HTTP  4/5/2026 7:04:15 PM ::1 Returned 304 in 1 ms
 HTTP  4/5/2026 7:04:15 PM ::1 GET /pages/parseInputToData.js?v=20260321-1
 HTTP  4/5/2026 7:04:15 PM ::1 Returned 304 in 0 ms
 HTTP  4/5/2026 7:04:16 PM ::1 GET /lib/components.js
 HTTP  4/5/2026 7:04:16 PM ::1 GET /pages/home.js?v=20260321-12
 HTTP  4/5/2026 7:04:16 PM ::1 GET /lib/core/neoKnowledgeReset.js
 HTTP  4/5/2026 7:04:16 PM ::1 GET /lib/cloud/googleDrive.js
 HTTP  4/5/2026 7:04:16 PM ::1 GET /lib/supabase-knowledge-client.js
 HTTP  4/5/2026 7:04:16 PM ::1 GET /pages/document-manager.js
 HTTP  4/5/2026 7:04:16 PM ::1 Returned 304 in 2 ms
 HTTP  4/5/2026 7:04:16 PM ::1 Returned 304 in 2 ms
 HTTP  4/5/2026 7:04:16 PM ::1 Returned 304 in 2 ms
 HTTP  4/5/2026 7:04:16 PM ::1 Returned 304 in 4 ms
 HTTP  4/5/2026 7:04:16 PM ::1 Returned 304 in 4 ms
 HTTP  4/5/2026 7:04:16 PM ::1 Returned 304 in 4 ms
 HTTP  4/5/2026 7:04:16 PM ::1 GET /lib/core/intentRouter.js
 HTTP  4/5/2026 7:04:16 PM ::1 GET /lib/export/pdfGenerator.js
 HTTP  4/5/2026 7:04:16 PM ::1 GET /pages/setup.js
 HTTP  4/5/2026 7:04:16 PM ::1 GET /lib/api/geminiClient.js
 HTTP  4/5/2026 7:04:16 PM ::1 Returned 304 in 2 ms
 HTTP  4/5/2026 7:04:16 PM ::1 Returned 304 in 1 ms
 HTTP  4/5/2026 7:04:16 PM ::1 Returned 304 in 4 ms
 HTTP  4/5/2026 7:04:16 PM ::1 Returned 304 in 5 ms
 HTTP  4/5/2026 7:04:16 PM ::1 GET /lib/supabase-client.js
 HTTP  4/5/2026 7:04:16 PM ::1 GET /js/userProfile.js?v=20260321-13
 HTTP  4/5/2026 7:04:16 PM ::1 Returned 304 in 1 ms
 HTTP  4/5/2026 7:04:16 PM ::1 Returned 304 in 2 ms
 HTTP  4/5/2026 7:04:16 PM ::1 GET /locales/ja.json
 HTTP  4/5/2026 7:04:16 PM ::1 Returned 304 in 0 ms
 HTTP  4/5/2026 7:04:16 PM ::1 GET /favicon.ico
 HTTP  4/5/2026 7:04:16 PM ::1 Returned 304 in 4 ms
 HTTP  4/5/2026 7:04:17 PM ::1 GET /views/home.html?v=1775383457890
 HTTP  4/5/2026 7:04:17 PM ::1 Returned 200 in 2 ms
 HTTP  4/5/2026 7:04:17 PM ::1 GET /pages/home.js
 HTTP  4/5/2026 7:04:17 PM ::1 GET /img/neo_avatar.jpg
 HTTP  4/5/2026 7:04:17 PM ::1 Returned 304 in 2 ms
 HTTP  4/5/2026 7:04:17 PM ::1 Returned 304 in 1 ms
 HTTP  4/5/2026 7:04:55 PM ::1 GET /views/project.html?v=1775383495594
 HTTP  4/5/2026 7:04:55 PM ::1 Returned 200 in 2 ms
 HTTP  4/5/2026 7:04:55 PM ::1 GET /pages/project.js
 HTTP  4/5/2026 7:04:55 PM ::1 Returned 304 in 1 ms
 HTTP  4/5/2026 7:05:12 PM ::1 GET /views/home.html?v=1775383512374
 HTTP  4/5/2026 7:05:12 PM ::1 Returned 200 in 4 ms
 HTTP  4/5/2026 7:05:17 PM ::1 GET /views/project.html?v=1775383517322
 HTTP  4/5/2026 7:05:17 PM ::1 Returned 200 in 1 ms
 HTTP  4/5/2026 7:05:25 PM ::1 GET /views/home.html?v=1775383525672
 HTTP  4/5/2026 7:05:25 PM ::1 Returned 200 in 1 ms
 HTTP  4/5/2026 7:05:26 PM ::1 GET /views/project.html?v=1775383526005
 HTTP  4/5/2026 7:05:26 PM ::1 Returned 200 in 1 ms
 HTTP  4/5/2026 7:07:51 PM ::1 GET /views/desk.html?v=1775383671063
 HTTP  4/5/2026 7:07:51 PM ::1 Returned 200 in 2 ms
 HTTP  4/5/2026 7:07:51 PM ::1 GET /pages/desk.js
 HTTP  4/5/2026 7:07:51 PM ::1 Returned 304 in 0 ms
 HTTP  4/5/2026 7:08:22 PM ::1 GET /
 HTTP  4/5/2026 7:08:22 PM ::1 Returned 304 in 2 ms
 HTTP  4/5/2026 7:08:22 PM ::1 GET /css/index.css?v=20260321-13
 HTTP  4/5/2026 7:08:22 PM ::1 GET /css/layout.css?v=20260321-13
 HTTP  4/5/2026 7:08:22 PM ::1 Returned 304 in 10 ms
 HTTP  4/5/2026 7:08:22 PM ::1 GET /css/chat.css?v=20260322-1
 HTTP  4/5/2026 7:08:22 PM ::1 Returned 304 in 12 ms
 HTTP  4/5/2026 7:08:22 PM ::1 Returned 304 in 3 ms
 HTTP  4/5/2026 7:08:22 PM ::1 GET /css/desk.css?v=20260323-1
 HTTP  4/5/2026 7:08:22 PM ::1 GET /js/fastclick.min.js?v=FINAL_FORCE_RECOVERY_30
 HTTP  4/5/2026 7:08:22 PM ::1 GET /css/components.css?v=20260321-13
 HTTP  4/5/2026 7:08:22 PM ::1 GET /lib/utils.js?v=NEO_SAFE_PHASE28
 HTTP  4/5/2026 7:08:22 PM ::1 Returned 304 in 8 ms
 HTTP  4/5/2026 7:08:22 PM ::1 Returned 304 in 7 ms
 HTTP  4/5/2026 7:08:22 PM ::1 Returned 304 in 4 ms
 HTTP  4/5/2026 7:08:22 PM ::1 GET /lib/cloud/googleDrive.js?v=NEO_SAFE_PHASE28
 HTTP  4/5/2026 7:08:22 PM ::1 GET /js/supabase-config.js?v=neo-99-RECOVERY14
 HTTP  4/5/2026 7:08:22 PM ::1 Returned 304 in 11 ms
 HTTP  4/5/2026 7:08:22 PM ::1 Returned 304 in 10 ms
 HTTP  4/5/2026 7:08:22 PM ::1 GET /js/store.js?v=NEO_SAFE_PHASE28
 HTTP  4/5/2026 7:08:22 PM ::1 GET /js/gemini.js?v=NEO_SAFE_PHASE28
 HTTP  4/5/2026 7:08:22 PM ::1 GET /js/neo-brain.js?v=NEO_SAFE_PHASE28
 HTTP  4/5/2026 7:08:22 PM ::1 Returned 304 in 11 ms
 HTTP  4/5/2026 7:08:22 PM ::1 Returned 304 in 4 ms
 HTTP  4/5/2026 7:08:22 PM ::1 Returned 304 in 8 ms
 HTTP  4/5/2026 7:08:22 PM ::1 GET /js/doc-engine.js?v=NEO_SAFE_PHASE28
 HTTP  4/5/2026 7:08:22 PM ::1 GET /js/app.js?v=NEO_SAFE_PHASE28
 HTTP  4/5/2026 7:08:22 PM ::1 Returned 304 in 13 ms
 HTTP  4/5/2026 7:08:22 PM ::1 Returned 304 in 7 ms
 HTTP  4/5/2026 7:08:22 PM ::1 GET /js/i18n.js?v=NEO_SAFE_PHASE28
 HTTP  4/5/2026 7:08:22 PM ::1 GET /pages/chat.js?v=NEO_SAFE_PHASE28
 HTTP  4/5/2026 7:08:22 PM ::1 Returned 304 in 10 ms
 HTTP  4/5/2026 7:08:22 PM ::1 Returned 304 in 4 ms
 HTTP  4/5/2026 7:08:22 PM ::1 Returned 304 in 6 ms
 HTTP  4/5/2026 7:08:22 PM ::1 GET /js/StaticLexicon.js?v=2.6.5
 HTTP  4/5/2026 7:08:22 PM ::1 Returned 304 in 3 ms
 HTTP  4/5/2026 7:08:22 PM ::1 GET /js/industries.js?v=2.6.5
 HTTP  4/5/2026 7:08:22 PM ::1 Returned 304 in 0 ms
 HTTP  4/5/2026 7:08:22 PM ::1 GET /js/GoldenKnowledge.js
 HTTP  4/5/2026 7:08:22 PM ::1 Returned 304 in 2 ms
 HTTP  4/5/2026 7:08:22 PM ::1 GET /pages/parseInputToData.js?v=20260321-1
 HTTP  4/5/2026 7:08:22 PM ::1 Returned 304 in 1 ms
 HTTP  4/5/2026 7:08:23 PM ::1 GET /lib/components.js
 HTTP  4/5/2026 7:08:23 PM ::1 GET /lib/cloud/googleDrive.js
 HTTP  4/5/2026 7:08:23 PM ::1 GET /pages/home.js?v=20260321-12
 HTTP  4/5/2026 7:08:23 PM ::1 GET /pages/setup.js
 HTTP  4/5/2026 7:08:23 PM ::1 Returned 304 in 17 ms
 HTTP  4/5/2026 7:08:23 PM ::1 Returned 304 in 19 ms
 HTTP  4/5/2026 7:08:23 PM ::1 Returned 304 in 19 ms
 HTTP  4/5/2026 7:08:23 PM ::1 GET /js/userProfile.js?v=20260321-13
 HTTP  4/5/2026 7:08:23 PM ::1 GET /pages/document-manager.js
 HTTP  4/5/2026 7:08:23 PM ::1 GET /lib/core/neoKnowledgeReset.js
 HTTP  4/5/2026 7:08:23 PM ::1 Returned 304 in 18 ms
 HTTP  4/5/2026 7:08:23 PM ::1 Returned 304 in 4 ms
 HTTP  4/5/2026 7:08:23 PM ::1 Returned 304 in 7 ms
 HTTP  4/5/2026 7:08:23 PM ::1 GET /lib/supabase-knowledge-client.js
 HTTP  4/5/2026 7:08:23 PM ::1 GET /lib/supabase-client.js
 HTTP  4/5/2026 7:08:23 PM ::1 Returned 304 in 9 ms
 HTTP  4/5/2026 7:08:23 PM ::1 Returned 304 in 3 ms
 HTTP  4/5/2026 7:08:23 PM ::1 GET /lib/core/intentRouter.js
 HTTP  4/5/2026 7:08:23 PM ::1 GET /lib/export/pdfGenerator.js
 HTTP  4/5/2026 7:08:23 PM ::1 GET /lib/api/geminiClient.js
 HTTP  4/5/2026 7:08:23 PM ::1 Returned 304 in 6 ms
 HTTP  4/5/2026 7:08:23 PM ::1 Returned 304 in 5 ms
 HTTP  4/5/2026 7:08:23 PM ::1 Returned 304 in 6 ms
 HTTP  4/5/2026 7:08:23 PM ::1 Returned 304 in 13 ms
 HTTP  4/5/2026 7:08:23 PM ::1 GET /locales/ja.json
 HTTP  4/5/2026 7:08:23 PM ::1 Returned 304 in 1 ms
 HTTP  4/5/2026 7:08:23 PM ::1 GET /favicon.ico
 HTTP  4/5/2026 7:08:23 PM ::1 Returned 304 in 1 ms
 HTTP  4/5/2026 7:08:35 PM ::1 GET /views/home.html?v=1775383715122
 HTTP  4/5/2026 7:08:35 PM ::1 Returned 200 in 54 ms
 HTTP  4/5/2026 7:08:35 PM ::1 GET /pages/home.js
 HTTP  4/5/2026 7:08:35 PM ::1 GET /img/neo_avatar.jpg
 HTTP  4/5/2026 7:08:35 PM ::1 Returned 304 in 3 ms
 HTTP  4/5/2026 7:08:35 PM ::1 Returned 304 in 3 ms
 HTTP  4/5/2026 7:08:54 PM ::1 GET /
 HTTP  4/5/2026 7:08:54 PM ::1 Returned 304 in 4 ms
 HTTP  4/5/2026 7:08:54 PM ::1 GET /css/index.css?v=20260321-13
 HTTP  4/5/2026 7:08:54 PM ::1 GET /css/layout.css?v=20260321-13
 HTTP  4/5/2026 7:08:54 PM ::1 Returned 304 in 4 ms
 HTTP  4/5/2026 7:08:54 PM ::1 GET /css/chat.css?v=20260322-1
 HTTP  4/5/2026 7:08:54 PM ::1 Returned 304 in 5 ms
 HTTP  4/5/2026 7:08:54 PM ::1 GET /css/desk.css?v=20260323-1
 HTTP  4/5/2026 7:08:54 PM ::1 Returned 304 in 6 ms
 HTTP  4/5/2026 7:08:54 PM ::1 GET /css/components.css?v=20260321-13
 HTTP  4/5/2026 7:08:54 PM ::1 Returned 304 in 9 ms
 HTTP  4/5/2026 7:08:54 PM ::1 GET /js/fastclick.min.js?v=FINAL_FORCE_RECOVERY_30
 HTTP  4/5/2026 7:08:54 PM ::1 Returned 304 in 18 ms
 HTTP  4/5/2026 7:08:54 PM ::1 GET /lib/utils.js?v=NEO_SAFE_PHASE28
 HTTP  4/5/2026 7:08:54 PM ::1 GET /lib/cloud/googleDrive.js?v=NEO_SAFE_PHASE28
 HTTP  4/5/2026 7:08:54 PM ::1 Returned 304 in 23 ms
 HTTP  4/5/2026 7:08:54 PM ::1 Returned 304 in 8 ms
 HTTP  4/5/2026 7:08:54 PM ::1 GET /js/supabase-config.js?v=neo-99-RECOVERY14
 HTTP  4/5/2026 7:08:54 PM ::1 GET /js/store.js?v=NEO_SAFE_PHASE28
 HTTP  4/5/2026 7:08:54 PM ::1 GET /js/gemini.js?v=NEO_SAFE_PHASE28
 HTTP  4/5/2026 7:08:54 PM ::1 GET /js/neo-brain.js?v=NEO_SAFE_PHASE28
 HTTP  4/5/2026 7:08:54 PM ::1 Returned 304 in 24 ms
 HTTP  4/5/2026 7:08:54 PM ::1 Returned 304 in 22 ms
 HTTP  4/5/2026 7:08:54 PM ::1 Returned 304 in 108 ms
 HTTP  4/5/2026 7:08:54 PM ::1 Returned 304 in 101 ms
 HTTP  4/5/2026 7:08:54 PM ::1 GET /js/doc-engine.js?v=NEO_SAFE_PHASE28
 HTTP  4/5/2026 7:08:54 PM ::1 Returned 304 in 101 ms
 HTTP  4/5/2026 7:08:54 PM ::1 GET /js/i18n.js?v=NEO_SAFE_PHASE28
 HTTP  4/5/2026 7:08:54 PM ::1 GET /js/app.js?v=NEO_SAFE_PHASE28
 HTTP  4/5/2026 7:08:54 PM ::1 Returned 304 in 7 ms
 HTTP  4/5/2026 7:08:54 PM ::1 Returned 304 in 9 ms
 HTTP  4/5/2026 7:08:54 PM ::1 Returned 304 in 6 ms
 HTTP  4/5/2026 7:08:54 PM ::1 GET /pages/chat.js?v=NEO_SAFE_PHASE28
 HTTP  4/5/2026 7:08:54 PM ::1 Returned 304 in 5 ms
 HTTP  4/5/2026 7:08:54 PM ::1 GET /js/StaticLexicon.js?v=2.6.5
 HTTP  4/5/2026 7:08:54 PM ::1 Returned 304 in 2 ms
 HTTP  4/5/2026 7:08:54 PM ::1 GET /js/GoldenKnowledge.js
 HTTP  4/5/2026 7:08:54 PM ::1 GET /js/industries.js?v=2.6.5
 HTTP  4/5/2026 7:08:54 PM ::1 GET /pages/parseInputToData.js?v=20260321-1
 HTTP  4/5/2026 7:08:54 PM ::1 GET /lib/components.js
 HTTP  4/5/2026 7:08:54 PM ::1 Returned 304 in 9 ms
 HTTP  4/5/2026 7:08:54 PM ::1 Returned 304 in 11 ms
 HTTP  4/5/2026 7:08:54 PM ::1 Returned 304 in 15 ms
 HTTP  4/5/2026 7:08:54 PM ::1 GET /lib/cloud/googleDrive.js
 HTTP  4/5/2026 7:08:54 PM ::1 GET /pages/home.js?v=20260321-12
 HTTP  4/5/2026 7:08:54 PM ::1 Returned 304 in 17 ms
 HTTP  4/5/2026 7:08:54 PM ::1 Returned 304 in 3 ms
 HTTP  4/5/2026 7:08:54 PM ::1 GET /pages/document-manager.js
 HTTP  4/5/2026 7:08:54 PM ::1 GET /pages/setup.js
 HTTP  4/5/2026 7:08:54 PM ::1 GET /js/userProfile.js?v=20260321-13
 HTTP  4/5/2026 7:08:54 PM ::1 Returned 304 in 8 ms
 HTTP  4/5/2026 7:08:54 PM ::1 Returned 304 in 1 ms
 HTTP  4/5/2026 7:08:54 PM ::1 Returned 304 in 4 ms
 HTTP  4/5/2026 7:08:54 PM ::1 GET /lib/core/neoKnowledgeReset.js
 HTTP  4/5/2026 7:08:54 PM ::1 GET /lib/supabase-knowledge-client.js
 HTTP  4/5/2026 7:08:54 PM ::1 Returned 304 in 9 ms
 HTTP  4/5/2026 7:08:54 PM ::1 Returned 304 in 4 ms
 HTTP  4/5/2026 7:08:54 PM ::1 GET /lib/supabase-client.js
 HTTP  4/5/2026 7:08:54 PM ::1 GET /lib/core/intentRouter.js
 HTTP  4/5/2026 7:08:54 PM ::1 GET /lib/export/pdfGenerator.js
 HTTP  4/5/2026 7:08:54 PM ::1 Returned 304 in 9 ms
 HTTP  4/5/2026 7:08:54 PM ::1 Returned 304 in 4 ms
 HTTP  4/5/2026 7:08:54 PM ::1 Returned 304 in 3 ms
 HTTP  4/5/2026 7:08:54 PM ::1 GET /lib/api/geminiClient.js
 HTTP  4/5/2026 7:08:54 PM ::1 Returned 304 in 11 ms
 HTTP  4/5/2026 7:08:54 PM ::1 Returned 304 in 7 ms
 HTTP  4/5/2026 7:08:54 PM ::1 GET /locales/ja.json
 HTTP  4/5/2026 7:08:54 PM ::1 Returned 304 in 1 ms
 HTTP  4/5/2026 7:08:54 PM ::1 GET /favicon.ico
 HTTP  4/5/2026 7:08:54 PM ::1 Returned 304 in 6 ms
 HTTP  4/5/2026 7:09:09 PM ::1 GET /views/home.html?v=1775383749746
 HTTP  4/5/2026 7:09:09 PM ::1 Returned 200 in 2 ms
 HTTP  4/5/2026 7:09:38 PM ::1 GET /views/home.html?v=1775383778646
 HTTP  4/5/2026 7:09:38 PM ::1 Returned 200 in 4 ms
 HTTP  4/5/2026 7:09:38 PM ::1 GET /pages/home.js
 HTTP  4/5/2026 7:09:38 PM ::1 GET /img/neo_avatar.jpg
 HTTP  4/5/2026 7:09:38 PM ::1 Returned 304 in 4 ms
 HTTP  4/5/2026 7:09:38 PM ::1 Returned 304 in 9 ms
 HTTP  4/5/2026 7:09:40 PM ::1 GET /views/desk.html?v=1775383780020
 HTTP  4/5/2026 7:09:40 PM ::1 Returned 200 in 7 ms
 HTTP  4/5/2026 7:09:40 PM ::1 GET /pages/desk.js
 HTTP  4/5/2026 7:09:40 PM ::1 Returned 304 in 27 ms
 HTTP  4/5/2026 7:10:57 PM ::1 GET /views/project.html?v=1775383857738
 HTTP  4/5/2026 7:10:57 PM ::1 Returned 200 in 27 ms
 HTTP  4/5/2026 7:11:33 PM ::1 GET /views/project.html?v=1775383893246
 HTTP  4/5/2026 7:11:33 PM ::1 Returned 200 in 3 ms
 HTTP  4/5/2026 7:11:33 PM ::1 GET /pages/project.js
 HTTP  4/5/2026 7:11:33 PM ::1 Returned 304 in 2 ms
 HTTP  4/5/2026 7:11:41 PM ::1 GET /views/home.html?v=1775383901163
 HTTP  4/5/2026 7:11:41 PM ::1 Returned 200 in 2 ms
 HTTP  4/5/2026 7:11:41 PM ::1 GET /img/neo_avatar.jpg
 HTTP  4/5/2026 7:11:41 PM ::1 Returned 304 in 2 ms
 HTTP  4/5/2026 7:11:58 PM ::1 GET /views/project.html?v=1775383918296
 HTTP  4/5/2026 7:11:58 PM ::1 Returned 200 in 1 ms
 HTTP  4/5/2026 7:13:14 PM ::1 GET /views/chat.html?v=1775383994680
 HTTP  4/5/2026 7:13:14 PM ::1 Returned 200 in 6 ms
 HTTP  4/5/2026 7:13:14 PM ::1 GET /pages/chat.js
 HTTP  4/5/2026 7:13:14 PM ::1 Returned 200 in 1 ms
 HTTP  4/5/2026 7:13:15 PM ::1 GET /views/home.html?v=1775383995412
 HTTP  4/5/2026 7:13:15 PM ::1 Returned 200 in 2 ms
 HTTP  4/5/2026 7:13:17 PM ::1 GET /
 HTTP  4/5/2026 7:13:17 PM ::1 Returned 304 in 2 ms
 HTTP  4/5/2026 7:13:17 PM ::1 GET /css/index.css?v=20260321-13
 HTTP  4/5/2026 7:13:17 PM ::1 Returned 304 in 2 ms
 HTTP  4/5/2026 7:13:17 PM ::1 GET /css/layout.css?v=20260321-13
 HTTP  4/5/2026 7:13:17 PM ::1 Returned 304 in 1 ms
 HTTP  4/5/2026 7:13:17 PM ::1 GET /css/components.css?v=20260321-13
 HTTP  4/5/2026 7:13:17 PM ::1 GET /lib/utils.js?v=NEO_SAFE_PHASE28
 HTTP  4/5/2026 7:13:17 PM ::1 Returned 304 in 2 ms
 HTTP  4/5/2026 7:13:17 PM ::1 GET /css/chat.css?v=20260322-1
 HTTP  4/5/2026 7:13:17 PM ::1 Returned 304 in 3 ms
 HTTP  4/5/2026 7:13:17 PM ::1 Returned 304 in 4 ms
 HTTP  4/5/2026 7:13:17 PM ::1 GET /lib/cloud/googleDrive.js?v=NEO_SAFE_PHASE28
 HTTP  4/5/2026 7:13:17 PM ::1 GET /css/desk.css?v=20260323-1
 HTTP  4/5/2026 7:13:17 PM ::1 GET /js/store.js?v=NEO_SAFE_PHASE28
 HTTP  4/5/2026 7:13:17 PM ::1 Returned 304 in 2 ms
 HTTP  4/5/2026 7:13:17 PM ::1 Returned 304 in 1 ms
 HTTP  4/5/2026 7:13:17 PM ::1 GET /js/supabase-config.js?v=neo-99-RECOVERY14
 HTTP  4/5/2026 7:13:17 PM ::1 GET /js/gemini.js?v=NEO_SAFE_PHASE28
 HTTP  4/5/2026 7:13:17 PM ::1 Returned 304 in 2 ms
 HTTP  4/5/2026 7:13:17 PM ::1 Returned 304 in 2 ms
 HTTP  4/5/2026 7:13:17 PM ::1 GET /js/fastclick.min.js?v=FINAL_FORCE_RECOVERY_30
 HTTP  4/5/2026 7:13:17 PM ::1 Returned 304 in 3 ms
 HTTP  4/5/2026 7:13:17 PM ::1 GET /js/neo-brain.js?v=NEO_SAFE_PHASE28
 HTTP  4/5/2026 7:13:17 PM ::1 GET /js/doc-engine.js?v=NEO_SAFE_PHASE28
 HTTP  4/5/2026 7:13:17 PM ::1 Returned 304 in 4 ms
 HTTP  4/5/2026 7:13:17 PM ::1 Returned 304 in 4 ms
 HTTP  4/5/2026 7:13:17 PM ::1 GET /js/i18n.js?v=NEO_SAFE_PHASE28
 HTTP  4/5/2026 7:13:17 PM ::1 Returned 304 in 5 ms
 HTTP  4/5/2026 7:13:17 PM ::1 Returned 304 in 2 ms
 HTTP  4/5/2026 7:13:17 PM ::1 GET /js/app.js?v=NEO_SAFE_PHASE28
 HTTP  4/5/2026 7:13:17 PM ::1 GET /pages/chat.js?v=NEO_SAFE_PHASE28
 HTTP  4/5/2026 7:13:17 PM ::1 Returned 304 in 1 ms
 HTTP  4/5/2026 7:13:17 PM ::1 Returned 304 in 1 ms
 HTTP  4/5/2026 7:13:17 PM ::1 GET /js/StaticLexicon.js?v=2.6.5
 HTTP  4/5/2026 7:13:17 PM ::1 Returned 304 in 1 ms
 HTTP  4/5/2026 7:13:17 PM ::1 GET /js/industries.js?v=2.6.5
 HTTP  4/5/2026 7:13:17 PM ::1 Returned 304 in 1 ms
 HTTP  4/5/2026 7:13:17 PM ::1 GET /js/GoldenKnowledge.js
 HTTP  4/5/2026 7:13:17 PM ::1 Returned 304 in 0 ms
 HTTP  4/5/2026 7:13:17 PM ::1 GET /pages/parseInputToData.js?v=20260321-1
 HTTP  4/5/2026 7:13:17 PM ::1 Returned 304 in 0 ms
 HTTP  4/5/2026 7:13:17 PM ::1 GET /lib/components.js
 HTTP  4/5/2026 7:13:17 PM ::1 GET /lib/cloud/googleDrive.js
 HTTP  4/5/2026 7:13:17 PM ::1 GET /pages/home.js?v=20260321-12
 HTTP  4/5/2026 7:13:17 PM ::1 GET /pages/setup.js
 HTTP  4/5/2026 7:13:17 PM ::1 Returned 304 in 2 ms
 HTTP  4/5/2026 7:13:17 PM ::1 Returned 304 in 1 ms
 HTTP  4/5/2026 7:13:17 PM ::1 Returned 304 in 2 ms
 HTTP  4/5/2026 7:13:17 PM ::1 Returned 304 in 1 ms
 HTTP  4/5/2026 7:13:17 PM ::1 GET /pages/document-manager.js
 HTTP  4/5/2026 7:13:17 PM ::1 GET /js/userProfile.js?v=20260321-13
 HTTP  4/5/2026 7:13:17 PM ::1 Returned 304 in 2 ms
 HTTP  4/5/2026 7:13:17 PM ::1 GET /lib/core/neoKnowledgeReset.js
 HTTP  4/5/2026 7:13:17 PM ::1 GET /lib/supabase-knowledge-client.js
 HTTP  4/5/2026 7:13:17 PM ::1 GET /lib/supabase-client.js
 HTTP  4/5/2026 7:13:17 PM ::1 GET /lib/core/intentRouter.js
 HTTP  4/5/2026 7:13:17 PM ::1 Returned 304 in 4 ms
 HTTP  4/5/2026 7:13:17 PM ::1 Returned 304 in 2 ms
 HTTP  4/5/2026 7:13:17 PM ::1 Returned 304 in 1 ms
 HTTP  4/5/2026 7:13:17 PM ::1 Returned 304 in 2 ms
 HTTP  4/5/2026 7:13:17 PM ::1 Returned 304 in 2 ms
 HTTP  4/5/2026 7:13:17 PM ::1 GET /lib/export/pdfGenerator.js
 HTTP  4/5/2026 7:13:17 PM ::1 GET /lib/api/geminiClient.js
 HTTP  4/5/2026 7:13:17 PM ::1 Returned 304 in 2 ms
 HTTP  4/5/2026 7:13:17 PM ::1 Returned 304 in 0 ms
 HTTP  4/5/2026 7:13:17 PM ::1 GET /locales/ja.json
 HTTP  4/5/2026 7:13:17 PM ::1 Returned 304 in 1 ms
 HTTP  4/5/2026 7:13:17 PM ::1 GET /favicon.ico
 HTTP  4/5/2026 7:13:17 PM ::1 Returned 304 in 1 ms
 HTTP  4/5/2026 7:13:17 PM ::1 GET /
 HTTP  4/5/2026 7:13:17 PM ::1 Returned 304 in 1 ms
 HTTP  4/5/2026 7:13:17 PM ::1 GET /css/index.css?v=20260321-13
 HTTP  4/5/2026 7:13:17 PM ::1 GET /css/layout.css?v=20260321-13
 HTTP  4/5/2026 7:13:17 PM ::1 GET /css/chat.css?v=20260322-1
 HTTP  4/5/2026 7:13:17 PM ::1 Returned 304 in 1 ms
 HTTP  4/5/2026 7:13:17 PM ::1 Returned 304 in 1 ms
 HTTP  4/5/2026 7:13:17 PM ::1 GET /css/desk.css?v=20260323-1
 HTTP  4/5/2026 7:13:17 PM ::1 GET /css/components.css?v=20260321-13
 HTTP  4/5/2026 7:13:17 PM ::1 GET /js/supabase-config.js?v=neo-99-RECOVERY14
 HTTP  4/5/2026 7:13:17 PM ::1 Returned 304 in 4 ms
 HTTP  4/5/2026 7:13:17 PM ::1 Returned 304 in 6 ms
 HTTP  4/5/2026 7:13:17 PM ::1 Returned 304 in 5 ms
 HTTP  4/5/2026 7:13:17 PM ::1 GET /js/fastclick.min.js?v=FINAL_FORCE_RECOVERY_30
 HTTP  4/5/2026 7:13:17 PM ::1 GET /lib/utils.js?v=NEO_SAFE_PHASE28
 HTTP  4/5/2026 7:13:17 PM ::1 Returned 304 in 7 ms
 HTTP  4/5/2026 7:13:17 PM ::1 Returned 304 in 3 ms
 HTTP  4/5/2026 7:13:17 PM ::1 GET /lib/cloud/googleDrive.js?v=NEO_SAFE_PHASE28
 HTTP  4/5/2026 7:13:17 PM ::1 GET /js/store.js?v=NEO_SAFE_PHASE28
 HTTP  4/5/2026 7:13:17 PM ::1 GET /js/gemini.js?v=NEO_SAFE_PHASE28
 HTTP  4/5/2026 7:13:17 PM ::1 Returned 304 in 5 ms
 HTTP  4/5/2026 7:13:17 PM ::1 Returned 304 in 4 ms
 HTTP  4/5/2026 7:13:17 PM ::1 Returned 304 in 3 ms
 HTTP  4/5/2026 7:13:17 PM ::1 GET /js/neo-brain.js?v=NEO_SAFE_PHASE28
 HTTP  4/5/2026 7:13:17 PM ::1 GET /js/doc-engine.js?v=NEO_SAFE_PHASE28
 HTTP  4/5/2026 7:13:17 PM ::1 Returned 304 in 3 ms
 HTTP  4/5/2026 7:13:17 PM ::1 Returned 304 in 2 ms
 HTTP  4/5/2026 7:13:17 PM ::1 GET /js/i18n.js?v=NEO_SAFE_PHASE28
 HTTP  4/5/2026 7:13:17 PM ::1 GET /js/app.js?v=NEO_SAFE_PHASE28
 HTTP  4/5/2026 7:13:17 PM ::1 GET /pages/chat.js?v=NEO_SAFE_PHASE28
 HTTP  4/5/2026 7:13:17 PM ::1 Returned 304 in 4 ms
 HTTP  4/5/2026 7:13:17 PM ::1 Returned 304 in 5 ms
 HTTP  4/5/2026 7:13:17 PM ::1 Returned 304 in 4 ms
 HTTP  4/5/2026 7:13:17 PM ::1 Returned 304 in 4 ms
 HTTP  4/5/2026 7:13:17 PM ::1 GET /js/StaticLexicon.js?v=2.6.5
 HTTP  4/5/2026 7:13:17 PM ::1 GET /js/industries.js?v=2.6.5
 HTTP  4/5/2026 7:13:17 PM ::1 GET /js/GoldenKnowledge.js
 HTTP  4/5/2026 7:13:17 PM ::1 GET /pages/parseInputToData.js?v=20260321-1
 HTTP  4/5/2026 7:13:17 PM ::1 Returned 304 in 4 ms
 HTTP  4/5/2026 7:13:17 PM ::1 Returned 304 in 4 ms
 HTTP  4/5/2026 7:13:17 PM ::1 Returned 304 in 3 ms
 HTTP  4/5/2026 7:13:17 PM ::1 Returned 304 in 2 ms
 HTTP  4/5/2026 7:13:17 PM ::1 GET /lib/components.js
 HTTP  4/5/2026 7:13:17 PM ::1 GET /lib/cloud/googleDrive.js
 HTTP  4/5/2026 7:13:17 PM ::1 GET /pages/home.js?v=20260321-12
 HTTP  4/5/2026 7:13:17 PM ::1 GET /pages/setup.js
 HTTP  4/5/2026 7:13:17 PM ::1 GET /pages/document-manager.js
 HTTP  4/5/2026 7:13:17 PM ::1 Returned 304 in 4 ms
 HTTP  4/5/2026 7:13:17 PM ::1 Returned 304 in 3 ms
 HTTP  4/5/2026 7:13:17 PM ::1 Returned 304 in 1 ms
 HTTP  4/5/2026 7:13:17 PM ::1 Returned 304 in 2 ms
 HTTP  4/5/2026 7:13:17 PM ::1 GET /js/userProfile.js?v=20260321-13
 HTTP  4/5/2026 7:13:17 PM ::1 Returned 304 in 3 ms
 HTTP  4/5/2026 7:13:17 PM ::1 GET /lib/core/neoKnowledgeReset.js
 HTTP  4/5/2026 7:13:17 PM ::1 GET /lib/supabase-knowledge-client.js
 HTTP  4/5/2026 7:13:17 PM ::1 GET /lib/supabase-client.js
 HTTP  4/5/2026 7:13:17 PM ::1 GET /lib/core/intentRouter.js
 HTTP  4/5/2026 7:13:17 PM ::1 Returned 304 in 3 ms
 HTTP  4/5/2026 7:13:17 PM ::1 Returned 304 in 1 ms
 HTTP  4/5/2026 7:13:17 PM ::1 Returned 304 in 2 ms
 HTTP  4/5/2026 7:13:17 PM ::1 Returned 304 in 2 ms
 HTTP  4/5/2026 7:13:17 PM ::1 GET /lib/export/pdfGenerator.js
 HTTP  4/5/2026 7:13:17 PM ::1 Returned 304 in 4 ms
 HTTP  4/5/2026 7:13:17 PM ::1 GET /lib/api/geminiClient.js
 HTTP  4/5/2026 7:13:17 PM ::1 Returned 304 in 2 ms
 HTTP  4/5/2026 7:13:17 PM ::1 Returned 304 in 1 ms
 HTTP  4/5/2026 7:13:17 PM ::1 GET /locales/ja.json
 HTTP  4/5/2026 7:13:17 PM ::1 Returned 304 in 1 ms
 HTTP  4/5/2026 7:13:17 PM ::1 GET /favicon.ico
 HTTP  4/5/2026 7:13:17 PM ::1 Returned 304 in 1 ms
 HTTP  4/5/2026 7:13:17 PM ::1 GET /
 HTTP  4/5/2026 7:13:17 PM ::1 Returned 304 in 0 ms
 HTTP  4/5/2026 7:13:17 PM ::1 GET /css/index.css?v=20260321-13
 HTTP  4/5/2026 7:13:17 PM ::1 GET /css/layout.css?v=20260321-13
 HTTP  4/5/2026 7:13:17 PM ::1 GET /css/chat.css?v=20260322-1
 HTTP  4/5/2026 7:13:17 PM ::1 GET /css/desk.css?v=20260323-1
 HTTP  4/5/2026 7:13:17 PM ::1 GET /css/components.css?v=20260321-13
 HTTP  4/5/2026 7:13:17 PM ::1 GET /js/supabase-config.js?v=neo-99-RECOVERY14
 HTTP  4/5/2026 7:13:17 PM ::1 Returned 304 in 4 ms
 HTTP  4/5/2026 7:13:17 PM ::1 Returned 304 in 2 ms
 HTTP  4/5/2026 7:13:17 PM ::1 Returned 304 in 3 ms
 HTTP  4/5/2026 7:13:17 PM ::1 Returned 304 in 2 ms
 HTTP  4/5/2026 7:13:17 PM ::1 Returned 304 in 3 ms
 HTTP  4/5/2026 7:13:17 PM ::1 Returned 304 in 5 ms
 HTTP  4/5/2026 7:13:17 PM ::1 GET /js/fastclick.min.js?v=FINAL_FORCE_RECOVERY_30
 HTTP  4/5/2026 7:13:17 PM ::1 GET /lib/utils.js?v=NEO_SAFE_PHASE28
 HTTP  4/5/2026 7:13:17 PM ::1 GET /lib/cloud/googleDrive.js?v=NEO_SAFE_PHASE28
 HTTP  4/5/2026 7:13:17 PM ::1 GET /js/store.js?v=NEO_SAFE_PHASE28
 HTTP  4/5/2026 7:13:17 PM ::1 GET /js/gemini.js?v=NEO_SAFE_PHASE28
 HTTP  4/5/2026 7:13:17 PM ::1 Returned 304 in 3 ms
 HTTP  4/5/2026 7:13:17 PM ::1 Returned 304 in 2 ms
 HTTP  4/5/2026 7:13:17 PM ::1 Returned 304 in 3 ms
 HTTP  4/5/2026 7:13:17 PM ::1 Returned 304 in 2 ms
 HTTP  4/5/2026 7:13:17 PM ::1 GET /js/neo-brain.js?v=NEO_SAFE_PHASE28
 HTTP  4/5/2026 7:13:17 PM ::1 Returned 304 in 6 ms
 HTTP  4/5/2026 7:13:17 PM ::1 GET /js/doc-engine.js?v=NEO_SAFE_PHASE28
 HTTP  4/5/2026 7:13:17 PM ::1 GET /js/i18n.js?v=NEO_SAFE_PHASE28
 HTTP  4/5/2026 7:13:17 PM ::1 GET /js/app.js?v=NEO_SAFE_PHASE28
 HTTP  4/5/2026 7:13:17 PM ::1 GET /pages/chat.js?v=NEO_SAFE_PHASE28
 HTTP  4/5/2026 7:13:17 PM ::1 Returned 304 in 5 ms
 HTTP  4/5/2026 7:13:17 PM ::1 Returned 304 in 1 ms
 HTTP  4/5/2026 7:13:17 PM ::1 Returned 304 in 2 ms
 HTTP  4/5/2026 7:13:17 PM ::1 Returned 304 in 2 ms
 HTTP  4/5/2026 7:13:17 PM ::1 Returned 304 in 2 ms
 HTTP  4/5/2026 7:13:17 PM ::1 GET /js/StaticLexicon.js?v=2.6.5
 HTTP  4/5/2026 7:13:17 PM ::1 GET /js/industries.js?v=2.6.5
 HTTP  4/5/2026 7:13:17 PM ::1 GET /js/GoldenKnowledge.js
 HTTP  4/5/2026 7:13:17 PM ::1 GET /pages/parseInputToData.js?v=20260321-1
 HTTP  4/5/2026 7:13:17 PM ::1 Returned 304 in 1 ms
 HTTP  4/5/2026 7:13:17 PM ::1 Returned 304 in 2 ms
 HTTP  4/5/2026 7:13:17 PM ::1 Returned 304 in 1 ms
 HTTP  4/5/2026 7:13:17 PM ::1 Returned 304 in 2 ms
 HTTP  4/5/2026 7:13:17 PM ::1 GET /lib/components.js
 HTTP  4/5/2026 7:13:17 PM ::1 GET /lib/cloud/googleDrive.js
 HTTP  4/5/2026 7:13:17 PM ::1 GET /pages/home.js?v=20260321-12
 HTTP  4/5/2026 7:13:17 PM ::1 Returned 304 in 3 ms
 HTTP  4/5/2026 7:13:17 PM ::1 Returned 304 in 1 ms
 HTTP  4/5/2026 7:13:17 PM ::1 GET /pages/setup.js
 HTTP  4/5/2026 7:13:17 PM ::1 GET /pages/document-manager.js
 HTTP  4/5/2026 7:13:17 PM ::1 Returned 304 in 3 ms
 HTTP  4/5/2026 7:13:17 PM ::1 Returned 304 in 1 ms
 HTTP  4/5/2026 7:13:17 PM ::1 GET /js/userProfile.js?v=20260321-13
 HTTP  4/5/2026 7:13:17 PM ::1 GET /lib/core/intentRouter.js
 HTTP  4/5/2026 7:13:17 PM ::1 GET /lib/core/neoKnowledgeReset.js
 HTTP  4/5/2026 7:13:17 PM ::1 GET /lib/supabase-knowledge-client.js
 HTTP  4/5/2026 7:13:17 PM ::1 Returned 304 in 3 ms
 HTTP  4/5/2026 7:13:17 PM ::1 Returned 304 in 1 ms
 HTTP  4/5/2026 7:13:17 PM ::1 Returned 304 in 2 ms
 HTTP  4/5/2026 7:13:17 PM ::1 Returned 304 in 1 ms
 HTTP  4/5/2026 7:13:17 PM ::1 GET /lib/supabase-client.js
 HTTP  4/5/2026 7:13:17 PM ::1 Returned 304 in 3 ms
 HTTP  4/5/2026 7:13:17 PM ::1 GET /lib/export/pdfGenerator.js
 HTTP  4/5/2026 7:13:17 PM ::1 GET /lib/api/geminiClient.js
 HTTP  4/5/2026 7:13:17 PM ::1 Returned 304 in 3 ms
 HTTP  4/5/2026 7:13:17 PM ::1 Returned 304 in 2 ms
 HTTP  4/5/2026 7:13:17 PM ::1 Returned 304 in 2 ms
 HTTP  4/5/2026 7:13:17 PM ::1 GET /locales/ja.json
 HTTP  4/5/2026 7:13:17 PM ::1 Returned 304 in 2 ms
 HTTP  4/5/2026 7:13:17 PM ::1 GET /favicon.ico
 HTTP  4/5/2026 7:13:17 PM ::1 Returned 304 in 2 ms
 HTTP  4/5/2026 7:13:18 PM ::1 GET /views/home.html?v=1775383998946
 HTTP  4/5/2026 7:13:18 PM ::1 Returned 200 in 1 ms
 HTTP  4/5/2026 7:13:18 PM ::1 GET /img/neo_avatar.jpg
 HTTP  4/5/2026 7:13:18 PM ::1 GET /pages/home.js
 HTTP  4/5/2026 7:13:18 PM ::1 Returned 304 in 4 ms
 HTTP  4/5/2026 7:13:18 PM ::1 Returned 304 in 2 ms
 HTTP  4/5/2026 7:13:25 PM ::1 GET /views/project.html?v=1775384005450
 HTTP  4/5/2026 7:13:25 PM ::1 Returned 200 in 1 ms
 HTTP  4/5/2026 7:13:25 PM ::1 GET /pages/project.js
 HTTP  4/5/2026 7:13:25 PM ::1 Returned 304 in 1 ms
 HTTP  4/5/2026 7:13:35 PM ::1 GET /css/index.css?v=20260321-13
 HTTP  4/5/2026 7:13:35 PM ::1 GET /css/layout.css?v=20260321-13
 HTTP  4/5/2026 7:13:35 PM ::1 GET /css/chat.css?v=20260322-1
 HTTP  4/5/2026 7:13:35 PM ::1 Returned 304 in 6 ms
 HTTP  4/5/2026 7:13:35 PM ::1 Returned 304 in 6 ms
 HTTP  4/5/2026 7:13:35 PM ::1 Returned 304 in 5 ms
 HTTP  4/5/2026 7:13:35 PM ::1 GET /css/desk.css?v=20260323-1
 HTTP  4/5/2026 7:13:35 PM ::1 Returned 304 in 2 ms
 HTTP  4/5/2026 7:13:35 PM ::1 GET /css/components.css?v=20260321-13
 HTTP  4/5/2026 7:13:35 PM ::1 Returned 304 in 6 ms
 HTTP  4/5/2026 7:13:35 PM ::1 GET /.well-known/appspecific/com.chrome.devtools.json
 HTTP  4/5/2026 7:13:35 PM ::1 Returned 304 in 2 ms
 HTTP  4/5/2026 7:14:53 PM ::1 GET /views/desk.html?v=1775384093715
 HTTP  4/5/2026 7:14:53 PM ::1 Returned 200 in 5 ms
 HTTP  4/5/2026 7:14:53 PM ::1 GET /pages/desk.js
 HTTP  4/5/2026 7:14:53 PM ::1 Returned 304 in 2 ms
 HTTP  4/5/2026 7:18:39 PM ::1 GET /
 HTTP  4/5/2026 7:18:39 PM ::1 Returned 200 in 4 ms
 HTTP  4/5/2026 7:18:39 PM ::1 GET /css/desk.css?v=20260323-1
 HTTP  4/5/2026 7:18:39 PM ::1 GET /css/index.css?v=20260321-13
 HTTP  4/5/2026 7:18:39 PM ::1 Returned 200 in 4 ms
 HTTP  4/5/2026 7:18:39 PM ::1 Returned 200 in 4 ms
 HTTP  4/5/2026 7:18:39 PM ::1 GET /css/layout.css?v=20260321-13
 HTTP  4/5/2026 7:18:39 PM ::1 Returned 200 in 34 ms
 HTTP  4/5/2026 7:18:40 PM ::1 GET /css/chat.css?v=20260322-1
 HTTP  4/5/2026 7:18:40 PM ::1 Returned 200 in 4 ms
 HTTP  4/5/2026 7:18:40 PM ::1 GET /css/components.css?v=20260321-13
 HTTP  4/5/2026 7:18:40 PM ::1 GET /js/supabase-config.js?v=neo-99-RECOVERY14
 HTTP  4/5/2026 7:18:40 PM ::1 Returned 200 in 11 ms
 HTTP  4/5/2026 7:18:40 PM ::1 Returned 200 in 18 ms
 HTTP  4/5/2026 7:18:40 PM ::1 GET /js/fastclick.min.js?v=FINAL_FORCE_RECOVERY_30
 HTTP  4/5/2026 7:18:40 PM ::1 GET /lib/utils.js?v=NEO_SAFE_PHASE28
 HTTP  4/5/2026 7:18:40 PM ::1 Returned 200 in 7 ms
 HTTP  4/5/2026 7:18:40 PM ::1 GET /lib/cloud/googleDrive.js?v=NEO_SAFE_PHASE28
 HTTP  4/5/2026 7:18:40 PM ::1 GET /js/store.js?v=NEO_SAFE_PHASE28
 HTTP  4/5/2026 7:18:40 PM ::1 Returned 200 in 5 ms
 HTTP  4/5/2026 7:18:40 PM ::1 Returned 200 in 2 ms
 HTTP  4/5/2026 7:18:40 PM ::1 Returned 200 in 2 ms
 HTTP  4/5/2026 7:18:40 PM ::1 GET /js/gemini.js?v=NEO_SAFE_PHASE28
 HTTP  4/5/2026 7:18:40 PM ::1 GET /js/neo-brain.js?v=NEO_SAFE_PHASE28
 HTTP  4/5/2026 7:18:40 PM ::1 GET /js/doc-engine.js?v=NEO_SAFE_PHASE28
 HTTP  4/5/2026 7:18:40 PM ::1 Returned 200 in 4 ms
 HTTP  4/5/2026 7:18:40 PM ::1 Returned 200 in 2 ms
 HTTP  4/5/2026 7:18:40 PM ::1 GET /js/i18n.js?v=NEO_SAFE_PHASE28
 HTTP  4/5/2026 7:18:40 PM ::1 Returned 200 in 2 ms
 HTTP  4/5/2026 7:18:40 PM ::1 GET /js/app.js?v=NEO_SAFE_PHASE28
 HTTP  4/5/2026 7:18:40 PM ::1 GET /pages/chat.js?v=NEO_SAFE_PHASE28
 HTTP  4/5/2026 7:18:40 PM ::1 Returned 200 in 1 ms
 HTTP  4/5/2026 7:18:40 PM ::1 Returned 200 in 5 ms
 HTTP  4/5/2026 7:18:40 PM ::1 GET /.well-known/appspecific/com.chrome.devtools.json
 HTTP  4/5/2026 7:18:40 PM ::1 Returned 200 in 20 ms
 HTTP  4/5/2026 7:18:40 PM ::1 GET /
 HTTP  4/5/2026 7:18:40 PM ::1 Returned 304 in 9 ms
 HTTP  4/5/2026 7:18:40 PM ::1 Returned 200 in 5 ms
 HTTP  4/5/2026 7:18:40 PM ::1 GET /.well-known/appspecific/com.chrome.devtools.json
 HTTP  4/5/2026 7:18:40 PM ::1 GET /css/index.css?v=20260321-13
 HTTP  4/5/2026 7:18:40 PM ::1 GET /css/layout.css?v=20260321-13
 HTTP  4/5/2026 7:18:40 PM ::1 GET /css/chat.css?v=20260322-1
 HTTP  4/5/2026 7:18:40 PM ::1 GET /css/desk.css?v=20260323-1
 HTTP  4/5/2026 7:18:40 PM ::1 GET /css/components.css?v=20260321-13
 HTTP  4/5/2026 7:18:40 PM ::1 Returned 200 in 8 ms
 HTTP  4/5/2026 7:18:40 PM ::1 Returned 200 in 5 ms
 HTTP  4/5/2026 7:18:40 PM ::1 Returned 200 in 3 ms
 HTTP  4/5/2026 7:18:40 PM ::1 Returned 200 in 3 ms
 HTTP  4/5/2026 7:18:40 PM ::1 Returned 200 in 3 ms
 HTTP  4/5/2026 7:18:40 PM ::1 Returned 304 in 12 ms
 HTTP  4/5/2026 7:18:40 PM ::1 GET /js/supabase-config.js?v=neo-99-RECOVERY14
 HTTP  4/5/2026 7:18:40 PM ::1 Returned 200 in 5 ms
 HTTP  4/5/2026 7:18:40 PM ::1 GET /js/fastclick.min.js?v=FINAL_FORCE_RECOVERY_30
 HTTP  4/5/2026 7:18:40 PM ::1 GET /lib/utils.js?v=NEO_SAFE_PHASE28
 HTTP  4/5/2026 7:18:40 PM ::1 Returned 200 in 2 ms
 HTTP  4/5/2026 7:18:40 PM ::1 GET /lib/cloud/googleDrive.js?v=NEO_SAFE_PHASE28
 HTTP  4/5/2026 7:18:40 PM ::1 Returned 200 in 3 ms
 HTTP  4/5/2026 7:18:40 PM ::1 GET /js/store.js?v=NEO_SAFE_PHASE28
 HTTP  4/5/2026 7:18:40 PM ::1 GET /js/gemini.js?v=NEO_SAFE_PHASE28
 HTTP  4/5/2026 7:18:40 PM ::1 Returned 200 in 1 ms
 HTTP  4/5/2026 7:18:40 PM ::1 Returned 200 in 8 ms
 HTTP  4/5/2026 7:18:40 PM ::1 Returned 200 in 9 ms
 HTTP  4/5/2026 7:18:40 PM ::1 GET /js/neo-brain.js?v=NEO_SAFE_PHASE28
 HTTP  4/5/2026 7:18:40 PM ::1 GET /js/doc-engine.js?v=NEO_SAFE_PHASE28
 HTTP  4/5/2026 7:18:40 PM ::1 Returned 200 in 1 ms
 HTTP  4/5/2026 7:18:40 PM ::1 Returned 200 in 1 ms
 HTTP  4/5/2026 7:18:40 PM ::1 GET /js/i18n.js?v=NEO_SAFE_PHASE28
 HTTP  4/5/2026 7:18:40 PM ::1 GET /js/app.js?v=NEO_SAFE_PHASE28
 HTTP  4/5/2026 7:18:40 PM ::1 GET /pages/chat.js?v=NEO_SAFE_PHASE28
 HTTP  4/5/2026 7:18:40 PM ::1 Returned 200 in 10 ms
 HTTP  4/5/2026 7:18:40 PM ::1 Returned 200 in 10 ms
 HTTP  4/5/2026 7:18:40 PM ::1 GET /
 HTTP  4/5/2026 7:18:40 PM ::1 Returned 200 in 9 ms
 HTTP  4/5/2026 7:18:40 PM ::1 Returned 200 in 2 ms
 HTTP  4/5/2026 7:18:40 PM ::1 GET /.well-known/appspecific/com.chrome.devtools.json
 HTTP  4/5/2026 7:18:40 PM ::1 GET /css/index.css?v=20260321-13
 HTTP  4/5/2026 7:18:40 PM ::1 GET /css/layout.css?v=20260321-13
 HTTP  4/5/2026 7:18:40 PM ::1 GET /css/chat.css?v=20260322-1
 HTTP  4/5/2026 7:18:40 PM ::1 Returned 200 in 5 ms
 HTTP  4/5/2026 7:18:40 PM ::1 Returned 200 in 6 ms
 HTTP  4/5/2026 7:18:40 PM ::1 Returned 200 in 6 ms
 HTTP  4/5/2026 7:18:40 PM ::1 GET /css/desk.css?v=20260323-1
 HTTP  4/5/2026 7:18:40 PM ::1 GET /css/components.css?v=20260321-13
 HTTP  4/5/2026 7:18:40 PM ::1 Returned 304 in 11 ms
 HTTP  4/5/2026 7:18:40 PM ::1 Returned 200 in 3 ms
 HTTP  4/5/2026 7:18:40 PM ::1 Returned 200 in 3 ms
 HTTP  4/5/2026 7:18:40 PM ::1 GET /js/supabase-config.js?v=neo-99-RECOVERY14
 HTTP  4/5/2026 7:18:40 PM ::1 Returned 200 in 6 ms
 HTTP  4/5/2026 7:18:40 PM ::1 GET /js/fastclick.min.js?v=FINAL_FORCE_RECOVERY_30
 HTTP  4/5/2026 7:18:40 PM ::1 GET /lib/utils.js?v=NEO_SAFE_PHASE28
 HTTP  4/5/2026 7:18:40 PM ::1 GET /lib/cloud/googleDrive.js?v=NEO_SAFE_PHASE28
 HTTP  4/5/2026 7:18:40 PM ::1 Returned 200 in 41 ms
 HTTP  4/5/2026 7:18:40 PM ::1 GET /js/store.js?v=NEO_SAFE_PHASE28
 HTTP  4/5/2026 7:18:40 PM ::1 Returned 200 in 7 ms
 HTTP  4/5/2026 7:18:40 PM ::1 Returned 200 in 5 ms
 HTTP  4/5/2026 7:18:40 PM ::1 GET /js/gemini.js?v=NEO_SAFE_PHASE28
 HTTP  4/5/2026 7:18:40 PM ::1 Returned 200 in 10 ms
 HTTP  4/5/2026 7:18:40 PM ::1 Returned 200 in 9 ms
 HTTP  4/5/2026 7:18:40 PM ::1 GET /js/neo-brain.js?v=NEO_SAFE_PHASE28
 HTTP  4/5/2026 7:18:40 PM ::1 Returned 200 in 1 ms
 HTTP  4/5/2026 7:18:40 PM ::1 GET /js/doc-engine.js?v=NEO_SAFE_PHASE28
 HTTP  4/5/2026 7:18:40 PM ::1 Returned 200 in 1 ms
 HTTP  4/5/2026 7:18:40 PM ::1 GET /js/i18n.js?v=NEO_SAFE_PHASE28
 HTTP  4/5/2026 7:18:40 PM ::1 GET /js/app.js?v=NEO_SAFE_PHASE28
 HTTP  4/5/2026 7:18:40 PM ::1 GET /pages/chat.js?v=NEO_SAFE_PHASE28
 HTTP  4/5/2026 7:18:40 PM ::1 Returned 200 in 2 ms
 HTTP  4/5/2026 7:18:40 PM ::1 Returned 200 in 4 ms
 HTTP  4/5/2026 7:18:40 PM ::1 Returned 200 in 22 ms
 HTTP  4/5/2026 7:18:40 PM ::1 GET /js/StaticLexicon.js?v=2.6.5
 HTTP  4/5/2026 7:18:40 PM ::1 Returned 200 in 1 ms
 HTTP  4/5/2026 7:18:40 PM ::1 GET /js/industries.js?v=2.6.5
 HTTP  4/5/2026 7:18:40 PM ::1 Returned 200 in 1 ms
 HTTP  4/5/2026 7:18:40 PM ::1 GET /js/GoldenKnowledge.js
 HTTP  4/5/2026 7:18:40 PM ::1 Returned 200 in 0 ms
 HTTP  4/5/2026 7:18:40 PM ::1 GET /pages/parseInputToData.js?v=20260321-1
 HTTP  4/5/2026 7:18:40 PM ::1 Returned 200 in 1 ms
 HTTP  4/5/2026 7:18:40 PM ::1 GET /lib/components.js
 HTTP  4/5/2026 7:18:40 PM ::1 GET /lib/cloud/googleDrive.js
 HTTP  4/5/2026 7:18:40 PM ::1 Returned 200 in 4 ms
 HTTP  4/5/2026 7:18:40 PM ::1 GET /pages/setup.js
 HTTP  4/5/2026 7:18:40 PM ::1 GET /pages/home.js?v=20260321-12
 HTTP  4/5/2026 7:18:40 PM ::1 GET /pages/document-manager.js
 HTTP  4/5/2026 7:18:40 PM ::1 GET /js/userProfile.js?v=20260321-13
 HTTP  4/5/2026 7:18:40 PM ::1 Returned 200 in 2 ms
 HTTP  4/5/2026 7:18:40 PM ::1 Returned 200 in 1 ms
 HTTP  4/5/2026 7:18:40 PM ::1 Returned 200 in 2 ms
 HTTP  4/5/2026 7:18:40 PM ::1 Returned 200 in 2 ms
 HTTP  4/5/2026 7:18:40 PM ::1 Returned 200 in 13 ms
 HTTP  4/5/2026 7:18:40 PM ::1 GET /lib/core/neoKnowledgeReset.js
 HTTP  4/5/2026 7:18:40 PM ::1 GET /lib/supabase-client.js
 HTTP  4/5/2026 7:18:40 PM ::1 GET /lib/supabase-knowledge-client.js
 HTTP  4/5/2026 7:18:40 PM ::1 Returned 200 in 9 ms
 HTTP  4/5/2026 7:18:40 PM ::1 Returned 200 in 10 ms
 HTTP  4/5/2026 7:18:40 PM ::1 Returned 200 in 9 ms
 HTTP  4/5/2026 7:18:40 PM ::1 GET /lib/export/pdfGenerator.js
 HTTP  4/5/2026 7:18:40 PM ::1 GET /lib/core/intentRouter.js
 HTTP  4/5/2026 7:18:40 PM ::1 GET /lib/api/geminiClient.js
 HTTP  4/5/2026 7:18:40 PM ::1 Returned 200 in 1 ms
 HTTP  4/5/2026 7:18:40 PM ::1 Returned 200 in 2 ms
 HTTP  4/5/2026 7:18:40 PM ::1 Returned 200 in 1 ms
 HTTP  4/5/2026 7:18:40 PM ::1 GET /locales/ja.json
 HTTP  4/5/2026 7:18:40 PM ::1 GET /favicon.ico
 HTTP  4/5/2026 7:18:40 PM ::1 Returned 200 in 13 ms
 HTTP  4/5/2026 7:18:40 PM ::1 Returned 200 in 12 ms
 HTTP  4/5/2026 7:18:42 PM ::1 GET /views/home.html?v=1775384321999
 HTTP  4/5/2026 7:18:42 PM ::1 Returned 200 in 1 ms
 HTTP  4/5/2026 7:18:42 PM ::1 GET /img/neo_avatar.jpg
 HTTP  4/5/2026 7:18:42 PM ::1 GET /pages/home.js
 HTTP  4/5/2026 7:18:42 PM ::1 Returned 304 in 4 ms
 HTTP  4/5/2026 7:18:42 PM ::1 Returned 304 in 2 ms
 HTTP  4/5/2026 7:18:58 PM ::1 GET /views/project.html?v=1775384338698
 HTTP  4/5/2026 7:18:58 PM ::1 Returned 200 in 1 ms
 HTTP  4/5/2026 7:18:58 PM ::1 GET /pages/project.js
 HTTP  4/5/2026 7:18:58 PM ::1 Returned 304 in 1 ms
